"Team","W","L","ERA","G","GS","CG","ShO","SV","HLD","BS","IP","TBF","H","R","ER","HR","BB","IBB","HBP","WP","BK","SO","Age","W","L","ERA","G","GS","CG","ShO","SV","BS","IP","TBF","H","R","ER","HR","BB","IBB","HBP","WP","BK","SO","GB","FB","LD","IFFB","Balls","Strikes","Pitches","RS","IFH","BU","BUH","K/9","BB/9","K/BB","H/9","HR/9","AVG","WHIP","BABIP","LOB%","FIP","GB/FB","LD%","GB%","FB%","IFFB%","HR/FB","IFH%","BUH%","Starting","Start-IP","Relieving","Relief-IP","RAR","WAR","Dollars","tERA","xFIP","WPA","-WPA","+WPA","RE24","REW","pLI","inLI","gmLI","exLI","Pulls","WPA/LI","Clutch","FB%","FBv","SL%","SLv","CT%","CTv","CB%","CBv","CH%","CHv","SF%","SFv","KN%","KNv","XX%","PO%","wFB","wSL","wCT","wCB","wCH","wSF","wKN","wFB/C","wSL/C","wCT/C","wCB/C","wCH/C","wSF/C","wKN/C","O-Swing%","Z-Swing%","Swing%","O-Contact%","Z-Contact%","Contact%","Zone%","F-Strike%","SwStr%","HLD","SD","MD","ERA-","FIP-","xFIP-","K%","BB%","SIERA","RS/9","E-F","FA% (pfx)","FT% (pfx)","FC% (pfx)","FS% (pfx)","FO% (pfx)","SI% (pfx)","SL% (pfx)","CU% (pfx)","KC% (pfx)","EP% (pfx)","CH% (pfx)","SC% (pfx)","KN% (pfx)","UN% (pfx)","vFA (pfx)","vFT (pfx)","vFC (pfx)","vFS (pfx)","vFO (pfx)","vSI (pfx)","vSL (pfx)","vCU (pfx)","vKC (pfx)","vEP (pfx)","vCH (pfx)","vSC (pfx)","vKN (pfx)","FA-X (pfx)","FT-X (pfx)","FC-X (pfx)","FS-X (pfx)","FO-X (pfx)","SI-X (pfx)","SL-X (pfx)","CU-X (pfx)","KC-X (pfx)","EP-X (pfx)","CH-X (pfx)","SC-X (pfx)","KN-X (pfx)","FA-Z (pfx)","FT-Z (pfx)","FC-Z (pfx)","FS-Z (pfx)","FO-Z (pfx)","SI-Z (pfx)","SL-Z (pfx)","CU-Z (pfx)","KC-Z (pfx)","EP-Z (pfx)","CH-Z (pfx)","SC-Z (pfx)","KN-Z (pfx)","wFA (pfx)","wFT (pfx)","wFC (pfx)","wFS (pfx)","wFO (pfx)","wSI (pfx)","wSL (pfx)","wCU (pfx)","wKC (pfx)","wEP (pfx)","wCH (pfx)","wSC (pfx)","wKN (pfx)","wFA/C (pfx)","wFT/C (pfx)","wFC/C (pfx)","wFS/C (pfx)","wFO/C (pfx)","wSI/C (pfx)","wSL/C (pfx)","wCU/C (pfx)","wKC/C (pfx)","wEP/C (pfx)","wCH/C (pfx)","wSC/C (pfx)","wKN/C (pfx)","O-Swing% (pfx)","Z-Swing% (pfx)","Swing% (pfx)","O-Contact% (pfx)","Z-Contact% (pfx)","Contact% (pfx)","Zone% (pfx)","Pace","RA9-WAR","BIP-Wins","LOB-Wins","FDP-Wins","Age Rng","K-BB%","Pull%","Cent%","Oppo%","Soft%","Med%","Hard%","kwERA","TTO%","CH% (pi)","CS% (pi)","CU% (pi)","FA% (pi)","FC% (pi)","FS% (pi)","KN% (pi)","SB% (pi)","SI% (pi)","SL% (pi)","XX% (pi)","vCH (pi)","vCS (pi)","vCU (pi)","vFA (pi)","vFC (pi)","vFS (pi)","vKN (pi)","vSB (pi)","vSI (pi)","vSL (pi)","vXX (pi)","CH-X (pi)","CS-X (pi)","CU-X (pi)","FA-X (pi)","FC-X (pi)","FS-X (pi)","KN-X (pi)","SB-X (pi)","SI-X (pi)","SL-X (pi)","XX-X (pi)","CH-Z (pi)","CS-Z (pi)","CU-Z (pi)","FA-Z (pi)","FC-Z (pi)","FS-Z (pi)","KN-Z (pi)","SB-Z (pi)","SI-Z (pi)","SL-Z (pi)","XX-Z (pi)","wCH (pi)","wCS (pi)","wCU (pi)","wFA (pi)","wFC (pi)","wFS (pi)","wKN (pi)","wSB (pi)","wSI (pi)","wSL (pi)","wXX (pi)","wCH/C (pi)","wCS/C (pi)","wCU/C (pi)","wFA/C (pi)","wFC/C (pi)","wFS/C (pi)","wKN/C (pi)","wSB/C (pi)","wSI/C (pi)","wSL/C (pi)","wXX/C (pi)","O-Swing% (pi)","Z-Swing% (pi)","Swing% (pi)","O-Contact% (pi)","Z-Contact% (pi)","Contact% (pi)","Zone% (pi)","Pace (pi)"
"Cubs","103","58","3.15","665","162","5","2","38","74","15","1459.2","5933","1125","556","511","163","495","24","63","80","0","1441","29","103","58","3.15","665","162","5","2","38","15","1459.2","5933","1125","556","511","163","495","24","63","80","0","1441","1809","1248","798","111","8436","14904","23340","808","123","79","20","8.88","3.05","2.91","6.94","1.01",".209","1.11",".255","77.5 %","3.77","1.45","20.7 %","46.9 %","32.4 %","8.9 %","13.1 %","6.8 %","25.3 %","162.6","986.9","30.3","467.4","192.9","20.6","$164.9","4.14","3.74","18.20","-85.86","104.06","170.36","17.56","0.95","1.33","1.01","1.05","503","17.40","1.85","59.3 %","92.2","12.7 %","84.3","6.9 %","88.6","12.3 %","78.4","8.5 %","82.9","0.4 %","85.3","","","0.5 %","","60.2","43.1","23.1","15.0","34.8","2.0","","0.44","1.47","1.44","0.53","1.77","2.24","","30.7 %","65.5 %","45.8 %","59.9 %","85.6 %","75.8 %","43.3 %","61.8 %","11.0 %","74","113","68","75","91","91","24.3 %","8.3 %","3.76","4.98","-0.62","34.6 %","7.4 %","8.4 %","0.1 %","","16.3 %","12.3 %","11.4 %","1.0 %","","8.6 %","","","","92.9","92.3","86.2","80.4","","90.9","85.5","78.3","79.4","","83.0","","","-0.5","-6.0","0.4","-5.3","","-6.2","2.5","3.2","5.4","","-4.3","","","9.2","5.7","4.3","3.8","","5.4","0.7","-5.8","-7.1","","3.7","","","52.4","-5.4","53.4","0.3","","20.5","22.9","15.6","1.4","","35.9","","","0.65","-0.32","2.74","0.87","","0.54","0.80","0.59","0.65","","1.81","","","30.6 %","62.9 %","45.8 %","57.1 %","85.9 %","75.7 %","47.0 %","22.0","32.7","13.7","-1.7","12.1","24 - 41","15.9 %","38.5 %","35.5 %","26.0 %","20.0 %","50.3 %","29.6 %","3.83","35.4 %","8.4 %","","12.3 %","34.0 %","4.6 %","0.3 %","","","25.2 %","15.1 %","0.0 %","83.5","","79.1","93.3","88.9","85.0","","","92.3","85.6","79.0","-3.8","","3.5","-0.3","0.5","-4.3","","","-5.9","2.9","4.3","3.9","","-6.0","9.3","5.5","3.4","","","5.8","0.6","2.5","35.4","","21.5","48.4","23.5","1.3","","","24.1","43.5","-0.1","1.81","","0.76","0.61","2.19","1.67","","","0.41","1.25","-1.41","31.8 %","62.3 %","45.8 %","58.4 %","86.1 %","75.7 %","45.8 %","22.5"
"Nationals","95","67","3.52","670","162","1","0","46","91","14","1459.2","6036","1272","612","571","155","468","43","57","47","4","1476","28","95","67","3.52","670","162","1","0","46","14","1459.2","6036","1272","612","571","155","468","43","57","47","4","1476","1711","1418","818","137","8380","15292","23672","763","95","86","15","9.10","2.89","3.15","7.84","0.96",".231","1.19",".288","75.0 %","3.58","1.21","20.7 %","43.3 %","35.9 %","9.7 %","10.9 %","5.6 %","17.4 %","168.1","957.9","49.1","495.7","217.2","23.2","$185.4","3.91","3.82","9.42","-101.47","110.89","117.77","12.23","1.01","1.55","1.11","1.18","508","12.03","-2.72","58.6 %","92.8","18.9 %","84.8","1.5 %","90.8","10.8 %","78.2","9.7 %","85.2","0.5 %","84.7","","","0.7 %","","44.1","63.2","9.0","13.1","16.1","-2.7","","0.32","1.42","2.53","0.52","0.70","-2.58","","31.3 %","66.5 %","47.3 %","61.7 %","85.0 %","76.6 %","45.5 %","60.3 %","11.0 %","91","138","78","84","88","93","24.5 %","7.8 %","3.72","4.70","-0.06","35.0 %","15.5 %","1.6 %","0.5 %","","8.2 %","18.7 %","9.6 %","1.2 %","","9.8 %","","","0.0 %","93.1","91.9","90.8","84.9","","93.3","84.7","77.9","80.7","","85.2","","","-2.9","-1.6","1.2","-7.0","","-5.8","0.2","2.5","0.7","","-2.7","","","8.8","7.2","5.4","2.0","","4.9","1.8","-5.5","-5.8","","3.8","","","46.8","19.1","8.0","-2.7","","-7.0","64.9","9.1","5.7","","16.1","","","0.57","0.53","2.14","-2.32","","-0.36","1.48","0.40","2.00","","0.70","","","31.1 %","63.7 %","47.3 %","59.4 %","84.9 %","76.5 %","49.8 %","22.2","26.4","3.3","-0.1","3.2","21 - 36","16.7 %","37.8 %","34.8 %","27.4 %","20.5 %","50.7 %","28.8 %","3.74","34.8 %","9.7 %","","10.9 %","39.9 %","2.6 %","0.5 %","","","18.8 %","17.8 %","0.0 %","86.0","","79.0","94.1","89.6","85.4","","","92.9","85.6","88.8","-2.5","","2.6","-2.7","0.7","-6.5","","","-2.4","0.6","4.5","3.8","","-5.5","8.8","5.9","1.5","","","5.9","1.6","7.8","15.9","","12.9","37.7","7.4","-3.7","","","20.3","66.5","0.1","0.70","","0.50","0.40","1.22","-3.47","","","0.46","1.60","2.32","31.2 %","63.6 %","47.3 %","59.8 %","84.8 %","76.5 %","49.7 %","22.6"
"Mets","87","75","3.58","700","162","1","1","55","100","16","1447.0","6067","1398","617","576","152","439","39","35","50","7","1396","28","87","75","3.58","700","162","1","1","55","16","1447.0","6067","1398","617","576","152","439","39","35","50","7","1396","1806","1371","905","127","8023","15585","23608","671","149","115","25","8.68","2.73","3.18","8.70","0.95",".250","1.27",".308","75.6 %","3.57","1.32","22.2 %","44.2 %","33.6 %","9.3 %","11.1 %","8.3 %","21.7 %","163.2","919.9","61.7","520.8","224.9","24.4","$195.4","3.86","3.78","10.55","-100.24","110.78","72.88","7.78","1.00","1.44","1.10","1.16","538","7.01","3.52","65.4 %","92.7","17.3 %","86.2","0.4 %","85.8","7.5 %","78.3","8.3 %","85.6","1.2 %","85.1","","","0.7 %","","61.9","35.3","-0.3","0.7","-24.7","-1.3","","0.40","0.87","-0.29","0.04","-1.26","-0.48","","31.3 %","67.2 %","48.1 %","63.9 %","85.8 %","78.2 %","46.7 %","63.1 %","10.4 %","100","146","77","90","87","92","23.0 %","7.2 %","3.78","4.17","0.02","37.3 %","14.2 %","0.5 %","0.1 %","","13.7 %","17.7 %","7.7 %","0.3 %","","8.6 %","","","","93.3","89.3","87.8","88.1","","94.5","86.3","78.3","83.0","","85.3","","","-3.2","-8.1","0.4","-0.3","","0.9","1.1","0.4","1.1","","-3.6","","","9.4","5.4","6.5","3.8","","6.7","2.3","-4.6","0.7","","4.8","","","22.3","28.1","-0.5","-0.7","","18.6","36.3","5.5","0.3","","-22.3","","","0.26","0.85","-0.49","-2.38","","0.58","0.88","0.31","0.47","","-1.11","","","31.0 %","64.9 %","48.1 %","61.2 %","86.0 %","78.1 %","50.6 %","22.9","22.2","-3.8","1.6","-2.2","22 - 43","15.8 %","35.2 %","35.3 %","29.5 %","19.1 %","48.9 %","32.0 %","3.85","32.8 %","8.2 %","","7.9 %","39.8 %","0.6 %","1.1 %","","","25.5 %","16.8 %","0.0 %","86.3","","79.1","93.8","86.5","85.2","","","92.9","87.0","88.5","-3.8","","0.5","-2.3","-0.6","-3.1","","","-4.7","1.2","-3.1","5.5","","-4.3","9.6","5.3","2.0","","","6.3","2.4","10.1","-22.6","","2.9","24.3","-1.9","-1.0","","","48.7","38.9","-0.1","-1.18","","0.15","0.26","-1.44","-0.38","","","0.81","0.99","-2.78","31.6 %","64.6 %","48.1 %","62.0 %","85.9 %","78.1 %","50.1 %","23.6"
"Giants","87","75","3.69","737","162","10","3","43","125","30","1460.1","6048","1333","631","599","158","439","30","46","40","6","1309","30","87","75","3.69","737","162","10","3","43","30","1460.1","6048","1333","631","599","158","439","30","46","40","6","1309","1889","1458","821","141","8287","15063","23350","715","103","86","15","8.07","2.71","2.98","8.22","0.97",".240","1.21",".287","74.3 %","3.76","1.30","19.7 %","45.3 %","35.0 %","9.7 %","10.8 %","5.5 %","17.4 %","141.2","980.0","20.4","475.2","161.6","17.2","$137.9","3.81","4.01","7.86","-107.12","114.98","65.05","6.72","1.06","1.75","1.29","1.41","576","7.82","-0.44","51.2 %","91.9","19.2 %","83.8","12.1 %","87.7","9.1 %","77.6","7.1 %","83.2","1.4 %","85.6","","","0.5 %","","27.9","38.9","15.4","21.9","-2.4","-4.9","","0.23","0.87","0.55","1.04","-0.14","-1.56","","30.5 %","67.5 %","47.0 %","63.7 %","86.5 %","78.3 %","44.5 %","62.5 %","10.1 %","125","150","92","93","96","97","21.6 %","7.3 %","3.96","4.41","-0.07","31.5 %","15.2 %","10.6 %","1.3 %","","4.3 %","19.2 %","8.4 %","2.2 %","","7.5 %","","","0.0 %","92.0","91.8","88.4","85.7","","91.0","83.9","77.5","80.8","","83.3","","","-1.5","-3.2","-0.7","-6.5","","-8.7","1.9","1.7","1.5","","-3.4","","","8.4","5.4","5.4","3.9","","3.2","2.5","-4.0","-5.9","","3.1","","","20.7","11.9","24.0","-5.7","","-1.4","50.0","10.7","6.4","","-2.4","","","0.28","0.34","0.98","-1.97","","-0.14","1.12","0.55","1.26","","-0.14","","","30.6 %","64.5 %","47.0 %","63.1 %","85.9 %","78.2 %","48.3 %","23.7","21.8","4.1","0.5","4.6","24 - 41","14.4 %","39.8 %","35.3 %","24.9 %","19.0 %","51.3 %","29.7 %","4.02","31.5 %","7.3 %","0.0 %","10.0 %","35.1 %","15.6 %","1.1 %","","","16.2 %","14.8 %","0.0 %","84.1","70.7","78.4","92.8","88.5","85.9","","","92.6","84.0","80.0","-3.9","-7.4","1.3","-1.3","-0.2","-5.5","","","-6.0","2.5","2.3","3.4","-6.2","-4.5","8.6","5.4","4.0","","","4.5","1.7","5.6","-4.3","0.1","17.5","30.6","23.8","-1.1","","","10.8","36.0","-2.1","-0.25","4.89","0.76","0.38","0.66","-0.47","","","0.29","1.05","-20.58","31.3 %","64.2 %","47.0 %","63.7 %","85.9 %","78.2 %","47.8 %","24.3"
"Dodgers","91","71","3.70","768","162","3","3","47","100","22","1453.0","6014","1266","638","598","165","464","51","53","58","5","1510","28","91","71","3.70","768","162","3","3","47","22","1453.0","6014","1266","638","598","165","464","51","53","58","5","1510","1668","1412","821","157","8527","15565","24092","725","110","84","18","9.35","2.87","3.25","7.84","1.02",".230","1.19",".288","73.8 %","3.61","1.18","21.0 %","42.8 %","36.2 %","11.1 %","11.7 %","6.6 %","21.4 %","144.8","859.3","61.2","584.6","206.0","22.7","$181.7","3.75","3.75","6.53","-96.13","102.66","54.87","6.23","0.96","1.33","1.02","1.07","606","9.91","-3.12","53.6 %","92.0","18.8 %","84.2","3.7 %","89.0","14.4 %","76.9","9.5 %","82.1","","","","","0.8 %","","62.8","66.0","-4.9","9.5","-1.6","","","0.49","1.47","-0.56","0.28","-0.07","","","30.7 %","66.7 %","46.9 %","60.3 %","84.0 %","75.5 %","45.1 %","63.1 %","11.4 %","100","153","71","93","89","91","25.1 %","7.7 %","3.63","4.49","0.09","34.8 %","11.4 %","6.9 %","0.5 %","","3.2 %","19.7 %","10.8 %","3.4 %","0.0 %","9.2 %","","","","92.5","91.2","91.4","86.8","","88.4","84.4","75.8","79.7","59.6","82.0","","","-1.0","2.8","1.1","-6.1","","2.5","1.4","0.9","-2.5","-9.3","1.1","","","9.9","8.1","8.0","4.0","","3.9","2.0","-6.1","-3.3","-7.3","4.4","","","70.3","-21.6","20.7","0.8","","5.5","58.9","14.6","-2.3","0.2","-1.5","","","0.85","-0.79","1.25","0.67","","0.71","1.25","0.57","-0.28","9.67","-0.07","","","31.1 %","63.9 %","46.9 %","58.8 %","84.1 %","75.4 %","48.3 %","24.0","20.5","3.9","-6.1","-2.2","19 - 36","17.4 %","37.3 %","35.7 %","27.0 %","19.7 %","49.4 %","30.9 %","3.66","35.6 %","9.0 %","0.0 %","14.3 %","39.6 %","8.3 %","0.5 %","","","9.3 %","19.1 %","0.0 %","82.5","54.7","77.5","93.1","91.8","87.4","","","90.8","84.9","93.9","1.3","-0.7","0.5","0.1","1.4","-5.7","","","1.8","1.6","-4.7","4.4","0.1","-5.6","9.8","7.4","3.8","","","6.1","1.9","9.3","-1.1","-0.1","8.6","63.5","22.4","0.8","","","-12.5","63.5","-0.1","-0.05","-2.80","0.25","0.67","1.13","0.72","","","-0.56","1.40","-1.69","32.1 %","63.5 %","47.0 %","60.3 %","83.9 %","75.4 %","47.3 %","24.6"
"Blue Jays","89","73","3.79","649","162","0","0","43","72","22","1459.1","6113","1340","666","615","183","461","10","59","50","7","1314","30","89","73","3.79","649","162","0","0","43","22","1459.1","6113","1340","666","615","183","461","10","59","50","7","1314","1970","1409","851","167","8352","14892","23244","759","112","48","24","8.10","2.84","2.85","8.26","1.13",".240","1.23",".282","74.5 %","4.04","1.40","20.1 %","46.6 %","33.3 %","11.9 %","13.0 %","5.7 %","50.0 %","146.2","994.4","36.4","459.8","182.7","19.0","$151.8","4.34","4.02","9.51","-107.55","117.05","81.19","8.32","1.05","1.40","1.09","1.16","487","6.86","2.23","54.6 %","92.2","10.3 %","84.3","6.2 %","89.1","8.9 %","79.3","10.0 %","81.6","0.1 %","83.1","9.9 %","76.1","0.2 %","","61.5","1.1","-7.4","13.6","5.1","-0.7","-9.5","0.49","0.05","-0.51","0.66","0.22","-3.64","-0.41","30.1 %","67.5 %","46.8 %","63.2 %","85.0 %","77.2 %","44.7 %","61.6 %","10.6 %","72","126","71","89","94","95","21.5 %","7.5 %","3.98","4.68","-0.25","33.3 %","18.2 %","7.5 %","","","2.4 %","9.7 %","8.6 %","","0.3 %","10.0 %","","10.0 %","","92.0","93.2","88.7","","","89.8","83.9","79.3","","64.8","82.2","","76.1","-1.7","-3.5","1.4","","","-2.1","2.6","4.8","","-0.7","-3.6","","-0.5","9.7","5.0","6.2","","","5.0","0.9","-5.8","","0.8","7.0","","1.9","47.7","27.7","2.7","","","-4.7","-3.7","11.4","","-1.6","8.0","","-4.4","0.62","0.66","0.15","","","-0.83","-0.16","0.57","","-2.15","0.35","","-0.19","30.2 %","64.9 %","46.8 %","61.8 %","85.1 %","77.2 %","47.9 %","21.4","23.5","5.1","-0.6","4.5","21 - 41","14.0 %","40.1 %","33.7 %","26.2 %","19.5 %","49.2 %","31.4 %","4.07","32.0 %","9.7 %","","9.3 %","30.7 %","7.1 %","0.0 %","10.3 %","","23.8 %","9.1 %","0.0 %","82.6","","79.7","92.9","89.6","83.8","76.6","","93.0","85.3","47.6","-3.7","","4.7","-2.0","1.2","-1.7","-0.3","","-2.5","2.9","5.1","6.8","","-5.7","10.2","5.0","3.9","1.6","","4.9","0.3","-17.2","8.4","","13.4","39.7","-6.4","0.1","-5.9","","30.4","3.8","0.0","0.38","","0.62","0.56","-0.39","1.17","-0.25","","0.55","0.18","4.14","30.9 %","64.8 %","46.8 %","63.0 %","84.9 %","77.2 %","47.0 %","21.7"
"Indians","94","67","3.86","665","161","5","3","37","54","11","1445.0","6033","1330","676","619","186","461","34","34","49","7","1398","28","94","67","3.86","665","161","5","3","37","11","1445.0","6033","1330","676","619","186","461","34","34","49","7","1398","1911","1356","828","111","8341","14958","23299","777","101","45","6","8.71","2.87","3.03","8.28","1.16",".240","1.24",".289","73.4 %","3.91","1.41","20.2 %","46.7 %","33.1 %","8.2 %","13.7 %","5.3 %","13.3 %","131.3","935.4","47.2","503.3","178.5","18.7","$149.2","4.29","3.80","9.26","-92.37","101.63","62.85","6.39","0.92","1.12","0.99","1.02","504","9.66","0.39","53.8 %","92.7","8.7 %","84.3","14.9 %","89.2","13.0 %","80.5","9.5 %","86.0","0.1 %","86.6","","","0.5 %","","-26.9","9.1","10.4","31.6","29.6","-0.4","","-0.22","0.45","0.30","1.05","1.34","-3.14","","31.5 %","66.3 %","47.0 %","62.4 %","86.4 %","77.5 %","44.6 %","60.8 %","10.5 %","54","133","57","90","92","89","23.2 %","7.6 %","3.79","4.84","-0.06","35.6 %","9.1 %","11.8 %","","","9.3 %","10.4 %","12.1 %","1.8 %","","9.9 %","","0.2 %","","92.9","93.1","89.1","","","91.4","85.5","80.1","83.9","","86.0","","68.0","-4.0","-7.3","2.6","","","-7.1","2.2","5.3","7.2","","-5.8","","-5.0","9.4","7.0","5.8","","","5.8","1.6","-4.3","-4.3","","3.7","","11.5","-30.0","5.3","1.5","","","5.0","32.5","23.2","7.1","","26.5","","-1.4","-0.37","0.26","0.06","","","0.23","1.36","0.84","1.74","","1.17","","-3.82","31.0 %","63.9 %","47.1 %","59.6 %","86.4 %","77.4 %","48.8 %","22.7","21.4","2.7","0.0","2.7","23 - 33","15.5 %","39.5 %","34.7 %","25.8 %","18.2 %","50.6 %","31.2 %","3.88","33.9 %","9.7 %","","10.2 %","35.1 %","15.1 %","0.0 %","","","18.4 %","11.6 %","0.1 %","86.7","","80.6","94.1","90.1","88.8","","","93.2","85.1","80.5","-6.4","","4.5","-4.5","2.1","-5.1","","","-7.6","3.0","1.1","3.6","","-6.2","9.1","5.3","5.2","","","6.2","0.6","4.0","26.2","","10.1","-10.0","8.6","0.0","","","0.3","32.4","0.8","1.18","","0.43","-0.12","0.25","0.05","","","0.01","1.22","6.28","31.6 %","63.6 %","47.1 %","59.8 %","86.7 %","77.4 %","48.4 %","23.1"
"Mariners","86","76","4.00","638","162","2","2","49","97","25","1457.0","6147","1410","707","647","213","460","30","55","52","7","1318","28","86","76","4.00","638","162","2","2","49","25","1457.0","6147","1410","707","647","213","460","30","55","52","7","1318","1844","1549","860","172","8365","15178","23543","768","119","60","23","8.14","2.84","2.87","8.71","1.32",".250","1.28",".292","74.9 %","4.30","1.19","20.2 %","43.4 %","36.4 %","11.1 %","13.8 %","6.5 %","38.3 %","85.6","932.8","36.9","516.5","122.5","12.9","$102.9","4.36","4.17","0.88","-110.21","111.09","-9.31","-1.01","1.01","1.46","1.10","1.18","476","-3.44","4.30","52.8 %","92.1","11.9 %","82.2","7.4 %","87.3","12.0 %","77.8","12.3 %","85.1","3.6 %","82.9","","","0.5 %","","-21.7","31.8","11.6","-9.0","-0.8","1.6","","-0.18","1.14","0.67","-0.32","-0.03","0.19","","31.4 %","67.0 %","47.6 %","65.5 %","86.4 %","78.9 %","45.5 %","61.1 %","10.0 %","97","132","71","99","103","98","21.4 %","7.5 %","4.03","4.74","-0.30","38.1 %","5.9 %","3.8 %","6.0 %","","9.8 %","15.4 %","8.2 %","3.7 %","","9.2 %","","","","92.6","92.7","87.3","84.8","","89.3","83.0","76.1","81.6","","84.4","","","-0.3","-0.4","1.4","-4.3","","-8.2","2.5","3.6","2.7","","0.0","","","8.4","6.5","3.8","3.3","","3.7","1.2","-7.2","-7.0","","2.7","","","4.3","-1.4","5.0","-3.8","","-17.0","38.1","-10.1","3.3","","7.9","","","0.05","-0.10","0.57","-0.27","","-0.74","1.06","-0.52","0.37","","0.37","","","32.0 %","64.0 %","47.6 %","64.4 %","86.4 %","78.8 %","48.7 %","21.8","14.6","1.9","-0.1","1.8","22 - 40","14.0 %","42.6 %","33.2 %","24.2 %","18.2 %","50.9 %","30.8 %","4.07","32.4 %","10.3 %","0.0 %","12.4 %","39.2 %","8.4 %","5.6 %","","","13.6 %","10.6 %","","84.9","71.3","78.2","93.3","87.1","85.2","","","90.8","83.1","","1.3","-2.2","3.5","-0.9","1.4","-5.7","","","-3.5","3.1","","4.0","-8.8","-5.9","9.2","4.5","3.1","","","5.9","0.9","","10.5","-0.5","-5.0","-6.3","16.7","-7.3","","","-12.8","29.1","","0.44","-52.08","-0.17","-0.07","0.85","-0.56","","","-0.40","1.18","","32.4 %","63.8 %","47.6 %","64.8 %","86.5 %","78.8 %","48.2 %","22.2"
"Red Sox","93","69","4.00","625","162","9","1","43","81","18","1439.2","6073","1341","694","640","176","490","16","65","52","0","1362","28","93","69","4.00","625","162","9","1","43","18","1439.2","6073","1341","694","640","176","490","16","65","52","0","1362","1698","1549","843","175","8505","15083","23588","878","111","66","29","8.51","3.06","2.78","8.38","1.10",".243","1.27",".293","72.9 %","4.00","1.10","20.6 %","41.5 %","37.9 %","11.3 %","11.4 %","6.5 %","43.9 %","127.6","967.7","45.2","465.2","172.9","18.1","$145.2","4.41","4.20","4.03","-104.55","108.58","61.40","6.33","0.99","1.53","1.13","1.23","463","10.10","-6.03","51.1 %","92.1","7.7 %","84.9","6.7 %","87.9","13.0 %","78.4","10.5 %","82.7","2.5 %","82.0","8.7 %","73.2","0.2 %","","1.4","19.6","2.2","-2.1","24.0","0.0","6.3","0.01","1.09","0.14","-0.07","0.97","-0.01","0.31","30.5 %","66.8 %","46.8 %","64.8 %","84.0 %","77.2 %","45.1 %","60.3 %","10.7 %","81","124","71","92","96","99","22.4 %","8.1 %","4.02","5.49","0.00","32.2 %","17.3 %","5.5 %","1.6 %","0.9 %","1.6 %","7.6 %","10.0 %","4.8 %","","11.1 %","","7.4 %","","92.7","91.5","88.0","79.1","87.0","86.3","85.2","75.7","80.8","","82.9","","74.3","-0.2","0.9","1.7","-7.2","-6.3","-6.2","2.4","5.3","0.2","","2.9","","0.7","9.2","7.0","5.8","4.2","4.1","-2.9","1.8","-4.9","-5.9","","4.7","","-0.1","25.1","-14.7","2.1","-2.3","0.0","4.6","17.7","-0.6","5.8","","21.9","","6.2","0.33","-0.36","0.16","-0.61","0.00","1.24","1.00","-0.03","0.52","","0.84","","0.36","30.1 %","64.6 %","46.8 %","62.8 %","84.3 %","77.2 %","48.5 %","24.2","21.0","1.7","1.2","2.9","23 - 41","14.4 %","41.4 %","33.5 %","25.1 %","18.9 %","49.2 %","31.9 %","4.02","33.4 %","10.5 %","","13.0 %","33.4 %","6.8 %","2.6 %","8.9 %","","17.5 %","7.3 %","0.1 %","83.4","","79.1","93.8","88.4","82.4","73.8","","90.8","85.4","82.7","2.4","","2.9","-0.6","1.0","-7.5","0.4","","-1.3","2.1","1.3","4.5","","-6.2","9.2","5.6","3.9","0.0","","5.9","2.0","5.7","27.5","","3.5","16.6","-1.0","-0.9","8.1","","-11.7","21.2","1.9","1.12","","0.11","0.21","-0.06","-0.14","0.39","","-0.29","1.24","12.78","30.7 %","63.9 %","46.8 %","63.3 %","84.2 %","77.1 %","48.4 %","24.6"
"Marlins","79","82","4.05","720","161","0","0","55","97","29","1435.0","6164","1358","682","646","152","595","62","61","66","3","1379","28","79","82","4.05","720","161","0","0","55","29","1435.0","6164","1358","682","646","152","595","62","61","66","3","1379","1736","1389","916","117","9141","15103","24244","655","96","86","15","8.65","3.73","2.32","8.52","0.95",".247","1.36",".303","74.0 %","3.97","1.25","22.7 %","43.0 %","34.4 %","8.4 %","10.9 %","5.5 %","17.4 %","96.2","872.3","37.1","555.0","133.4","14.5","$116.3","4.38","4.21","1.72","-112.63","114.35","21.90","2.59","1.07","1.59","1.10","1.16","559","1.17","0.45","58.5 %","93.0","19.3 %","84.5","3.2 %","88.5","8.1 %","79.0","10.9 %","84.9","0.1 %","82.3","","","1.0 %","","-42.2","74.1","0.6","-2.5","9.6","0.0","","-0.30","1.60","0.08","-0.13","0.37","0.00","","29.3 %","65.9 %","45.4 %","61.8 %","86.0 %","77.3 %","44.0 %","59.1 %","10.2 %","97","152","95","100","99","102","22.4 %","9.7 %","4.16","4.11","0.08","46.4 %","10.6 %","2.6 %","0.0 %","","1.2 %","16.9 %","7.2 %","3.9 %","","11.1 %","","","0.0 %","92.9","93.0","88.7","87.6","","93.2","84.6","81.4","78.8","","84.9","","","-0.5","-6.1","1.6","-5.1","","-7.8","2.5","4.2","5.0","","-1.8","","","9.1","6.7","5.7","9.1","","4.6","1.4","-1.5","-8.2","","4.8","","","0.6","-28.4","4.8","0.3","","-1.4","52.6","25.0","-0.9","","6.2","","","0.01","-1.12","0.77","8.18","","-0.48","1.30","1.44","-0.10","","0.23","","","29.9 %","63.0 %","45.5 %","60.2 %","86.4 %","77.2 %","47.0 %","21.9","14.3","-1.9","1.7","-0.2","23 - 39","12.7 %","38.6 %","36.8 %","24.6 %","18.6 %","49.7 %","31.7 %","4.22","34.5 %","11.0 %","0.0 %","11.3 %","44.5 %","4.4 %","","","","12.7 %","16.1 %","0.0 %","85.8","75.6","81.3","94.1","90.5","","","","93.5","85.6","58.9","-2.2","3.3","4.4","-1.0","0.5","","","","-3.7","2.6","-4.5","4.6","-1.5","-4.1","9.1","5.8","","","","6.4","1.1","12.2","14.7","0.1","20.5","-1.0","-4.2","","","","-30.2","59.8","0.1","0.56","1.82","0.76","-0.01","-0.39","","","","-0.99","1.55","4.14","30.6 %","62.7 %","45.5 %","61.2 %","86.3 %","77.2 %","46.3 %","22.4"
"Astros","84","78","4.06","662","162","2","1","44","102","20","1468.0","6180","1441","701","663","181","453","19","39","98","2","1396","28","84","78","4.06","662","162","2","1","44","20","1468.0","6180","1441","701","663","181","453","19","39","98","2","1396","1918","1432","896","140","8627","15412","24039","724","97","44","19","8.56","2.78","3.08","8.83","1.11",".253","1.29",".306","73.4 %","3.85","1.34","21.1 %","45.2 %","33.7 %","9.8 %","12.6 %","5.1 %","43.2 %","118.1","913.5","76.2","547.5","194.3","20.1","$161.1","4.06","3.87","5.57","-104.22","109.78","17.63","2.33","0.99","1.25","1.06","1.12","500","1.65","3.96","48.9 %","90.7","17.6 %","81.9","8.8 %","86.7","15.2 %","76.4","9.3 %","81.2","0.3 %","85.5","0.0 %","63.7","0.3 %","","-48.5","35.4","1.1","17.6","1.1","-2.2","0.0","-0.41","0.84","0.05","0.48","0.05","-2.98","-0.17","31.6 %","64.0 %","45.7 %","59.8 %","86.3 %","76.0 %","43.7 %","61.8 %","10.9 %","102","150","61","100","91","91","22.6 %","7.3 %","3.83","4.44","0.21","31.0 %","12.9 %","12.7 %","","","2.5 %","16.2 %","11.5 %","3.7 %","","9.5 %","","0.0 %","0.0 %","91.6","88.2","87.3","","","89.7","81.8","74.3","83.0","","81.4","","63.8","-1.9","-1.0","2.7","","","-7.1","2.4","8.0","7.6","","-3.2","","-2.7","9.7","5.5","5.4","","","5.6","0.0","-8.1","-6.2","","4.1","","4.6","-27.1","-12.5","-2.6","","","-2.0","43.7","-6.0","24.0","","-0.2","","0.0","-0.37","-0.40","-0.08","","","-0.33","1.13","-0.22","2.69","","-0.01","","1.64","32.1 %","61.4 %","45.7 %","58.0 %","86.9 %","76.0 %","46.4 %","22.2","15.9","-3.1","-1.1","-4.3","22 - 36","15.3 %","39.6 %","35.4 %","25.0 %","19.3 %","50.4 %","30.3 %","3.91","32.9 %","8.0 %","0.0 %","15.1 %","27.3 %","12.4 %","1.6 %","","","18.5 %","17.0 %","0.0 %","82.5","69.7","77.1","93.1","88.7","79.0","","","89.0","82.7","88.3","-4.9","8.6","6.7","-3.1","1.4","-1.0","","","-3.1","1.4","4.6","3.9","-7.2","-7.8","9.8","5.6","2.4","","","5.7","-0.1","8.3","0.2","-0.1","16.2","-41.5","6.8","-4.9","","","-4.3","44.8","-0.3","0.01","-3.69","0.45","-0.64","0.23","-1.28","","","-0.10","1.10","-2.66","32.6 %","61.2 %","45.7 %","58.8 %","86.8 %","76.0 %","45.9 %","22.4"
"Cardinals","86","76","4.08","643","162","2","2","38","70","17","1448.1","6164","1432","712","656","159","475","35","52","50","1","1290","27","86","76","4.08","643","162","2","2","38","17","1448.1","6164","1432","712","656","159","475","35","52","50","1","1290","2107","1241","910","103","8404","14941","23345","779","147","89","17","8.02","2.95","2.72","8.90","0.99",".254","1.32",".304","71.8 %","3.88","1.70","21.4 %","49.5 %","29.1 %","8.3 %","12.8 %","7.0 %","19.1 %","125.9","931.3","39.3","509.8","165.2","17.4","$139.1","4.24","3.88","-1.51","-108.92","107.41","-1.69","-0.24","1.00","1.54","1.01","1.05","481","1.50","-3.01","56.5 %","92.5","10.1 %","84.3","11.8 %","86.4","7.3 %","75.2","13.9 %","84.7","0.4 %","83.1","","","0.7 %","","-17.1","28.2","13.0","-3.3","12.1","0.6","","-0.13","1.20","0.47","-0.20","0.38","0.61","","29.7 %","66.0 %","46.2 %","64.9 %","87.3 %","79.5 %","45.5 %","61.0 %","9.4 %","70","113","70","100","95","94","20.9 %","7.7 %","3.95","4.84","0.19","32.7 %","13.7 %","8.9 %","0.0 %","","11.2 %","9.0 %","10.0 %","0.7 %","","13.8 %","","","","93.2","92.3","87.4","83.5","","90.3","83.8","77.9","78.7","","84.6","","","-2.8","-1.9","1.1","8.8","","-7.9","-0.8","4.7","7.2","","-3.1","","","8.6","3.9","4.5","2.5","","3.6","0.2","-5.5","-6.5","","3.3","","","24.9","7.3","9.4","-0.1","","-30.7","18.2","7.9","-1.6","","12.4","","","0.33","0.23","0.46","-1.45","","-1.18","0.87","0.34","-0.94","","0.39","","","29.8 %","63.4 %","46.2 %","63.9 %","86.9 %","79.3 %","48.9 %","21.7","14.4","-1.9","-1.1","-3.0","21 - 34","13.2 %","39.2 %","35.7 %","25.1 %","19.3 %","50.9 %","29.8 %","4.16","31.2 %","13.0 %","","7.3 %","33.2 %","9.6 %","1.1 %","","","23.4 %","12.5 %","0.0 %","85.2","","75.4","93.9","88.1","84.2","","","91.8","84.4","50.4","-2.3","","5.6","-1.7","1.6","-4.1","","","-4.6","1.3","-3.9","3.9","","-7.2","9.1","4.4","1.3","","","4.2","0.3","5.9","11.8","","0.7","26.6","8.2","2.8","","","-27.9","23.5","0.3","0.39","","0.04","0.35","0.37","1.15","","","-0.51","0.82","6.83","30.7 %","63.1 %","46.2 %","65.1 %","86.9 %","79.3 %","47.9 %","22.3"
"Brewers","73","89","4.10","675","162","0","0","46","88","22","1434.1","6188","1450","733","653","178","532","33","66","48","2","1175","28","73","89","4.10","675","162","0","0","46","22","1434.1","6188","1450","733","653","178","532","33","66","48","2","1175","1988","1432","898","132","8909","14886","23795","671","140","96","29","7.37","3.34","2.21","9.10","1.12",".259","1.38",".300","73.1 %","4.37","1.39","20.8 %","46.0 %","33.2 %","9.2 %","12.4 %","7.0 %","30.2 %","76.1","880.3","42.0","546.1","118.1","12.5","$99.8","4.85","4.42","2.87","-109.44","112.30","1.40","-0.45","1.02","1.35","1.05","1.10","513","-3.73","6.54","60.6 %","92.4","12.8 %","84.4","6.4 %","89.4","10.8 %","77.9","7.5 %","81.5","1.9 %","84.8","","","0.5 %","","-46.4","-0.4","6.2","-15.2","-8.6","4.6","","-0.32","-0.01","0.41","-0.59","-0.49","1.05","","28.7 %","66.6 %","45.5 %","67.2 %","87.3 %","80.3 %","44.4 %","59.2 %","8.9 %","88","161","78","96","103","107","19.0 %","8.6 %","4.38","4.21","-0.27","35.6 %","19.9 %","3.7 %","1.8 %","","7.1 %","13.1 %","9.4 %","2.1 %","","7.4 %","","","","92.6","92.0","88.1","85.1","","92.6","84.7","77.2","81.8","","81.3","","","-3.1","-8.1","1.7","0.8","","-5.5","1.5","4.5","5.3","","-6.9","","","8.8","5.7","4.4","3.5","","4.4","1.0","-6.7","-6.8","","5.7","","","12.8","-19.5","4.2","1.1","","-20.1","-3.0","-8.6","0.0","","-5.5","","","0.15","-0.41","0.49","0.27","","-1.20","-0.10","-0.39","0.00","","-0.31","","","28.6 %","64.6 %","45.5 %","65.1 %","87.7 %","80.2 %","47.0 %","23.4","13.5","-0.7","1.7","1.1","23 - 37","10.4 %","38.6 %","34.8 %","26.6 %","19.0 %","47.9 %","33.1 %","4.50","30.5 %","7.3 %","","10.4 %","32.0 %","6.0 %","2.0 %","","","28.5 %","13.9 %","0.0 %","82.2","","78.7","93.6","90.3","86.1","","","93.2","85.4","44.3","-6.9","","5.0","-3.0","0.9","0.8","","","-7.3","1.9","0.1","6.2","","-6.8","9.4","5.5","3.6","","","5.9","1.1","0.7","-4.3","","-12.5","-4.9","10.9","0.1","","","-27.9","-1.3","0.0","-0.25","","-0.51","-0.06","0.77","0.03","","","-0.41","-0.04","0.23","29.5 %","64.4 %","45.5 %","66.2 %","87.7 %","80.2 %","46.0 %","24.0"
"White Sox","78","84","4.12","643","162","7","1","43","86","28","1446.2","6195","1422","715","662","185","521","30","68","72","2","1270","28","78","84","4.12","643","162","7","1","43","28","1446.2","6195","1422","715","662","185","521","30","68","72","2","1270","1839","1536","895","149","8931","14952","23883","686","126","63","12","7.90","3.24","2.44","8.85","1.15",".254","1.34",".298","74.0 %","4.27","1.20","21.0 %","43.1 %","36.0 %","9.7 %","12.0 %","6.9 %","19.0 %","113.4","974.2","33.3","465.0","146.7","15.9","$127.3","4.57","4.38","-0.06","-115.04","114.97","19.48","2.07","1.05","1.41","1.11","1.19","481","-1.61","1.55","59.7 %","92.4","15.9 %","83.9","2.6 %","85.5","9.1 %","78.4","9.2 %","84.9","3.6 %","83.7","","","0.5 %","","-15.3","39.7","-8.3","-20.1","-15.1","8.6","","-0.11","1.05","-1.37","-0.93","-0.69","1.02","","30.0 %","66.5 %","46.1 %","65.5 %","87.2 %","79.4 %","44.2 %","58.7 %","9.5 %","86","122","82","99","99","103","20.5 %","8.4 %","4.26","4.27","-0.16","26.2 %","26.7 %","5.5 %","2.1 %","","2.7 %","15.2 %","6.9 %","2.8 %","","11.9 %","","","0.0 %","92.2","92.7","89.3","83.3","","92.0","84.1","77.6","79.6","","85.0","","","0.6","3.9","2.2","-4.2","","-9.6","-1.7","-0.4","5.4","","1.6","","","8.6","5.8","6.1","2.1","","3.6","0.1","-3.8","-5.3","","3.7","","","11.8","4.9","-18.0","0.2","","-9.2","41.5","-17.2","3.2","","-6.9","","","0.19","0.08","-1.37","0.04","","-1.43","1.15","-1.05","0.49","","-0.24","","","30.0 %","63.6 %","46.2 %","63.7 %","87.2 %","79.3 %","48.1 %","22.6","16.6","-0.1","0.8","0.7","21 - 34","12.1 %","41.6 %","32.6 %","25.8 %","18.1 %","51.5 %","30.4 %","4.29","31.9 %","8.7 %","0.0 %","9.6 %","34.0 %","6.0 %","3.7 %","","","22.7 %","15.3 %","0.0 %","85.2","68.1","78.6","92.9","89.6","84.3","","","92.8","84.4","57.4","2.7","7.6","1.4","2.5","1.9","-5.2","","","1.5","-1.3","1.4","4.0","-7.1","-3.8","8.5","6.1","2.8","","","5.9","0.5","9.6","-15.8","-0.5","-14.2","8.0","-8.0","9.0","","","-7.0","39.4","0.1","-0.76","-7.57","-0.62","0.10","-0.56","1.02","","","-0.13","1.08","0.95","30.5 %","63.5 %","46.2 %","64.4 %","87.2 %","79.3 %","47.5 %","23.1"
"Yankees","84","78","4.16","645","162","0","0","48","80","16","1428.1","6023","1358","702","661","214","444","15","57","52","2","1393","27","84","78","4.16","645","162","0","0","48","16","1428.1","6023","1358","702","661","214","444","15","57","52","2","1393","1912","1380","782","145","8369","15149","23518","680","127","53","16","8.78","2.80","3.14","8.56","1.35",".246","1.26",".292","74.2 %","4.20","1.39","19.2 %","46.9 %","33.9 %","10.5 %","15.5 %","6.6 %","30.2 %","112.8","913.2","61.6","508.6","174.3","18.2","$145.7","4.37","3.86","5.44","-101.28","106.72","25.75","2.98","0.97","1.25","1.04","1.10","483","1.46","4.16","47.4 %","93.7","28.3 %","84.4","7.1 %","88.8","5.2 %","78.5","5.0 %","84.9","6.8 %","86.3","","","0.2 %","","-49.1","60.6","5.0","-12.0","-9.3","11.6","","-0.44","0.91","0.30","-0.98","-0.79","0.72","","32.7 %","65.8 %","47.2 %","60.7 %","85.0 %","75.5 %","43.8 %","62.2 %","11.5 %","80","132","62","98","95","91","23.1 %","7.4 %","3.76","4.28","-0.03","37.4 %","4.8 %","3.0 %","6.4 %","","7.9 %","25.8 %","5.3 %","3.1 %","","6.2 %","","","0.0 %","94.1","92.6","91.2","86.7","","89.7","84.5","78.7","83.9","","84.7","","","-2.5","-5.9","-1.2","-5.4","","3.4","0.5","3.8","7.2","","-1.6","","","9.0","5.5","7.1","2.9","","5.7","1.2","-4.5","-3.2","","5.1","","","-28.6","-1.7","0.7","20.6","","-5.1","42.8","-12.0","15.3","","-10.3","","","-0.33","-0.15","0.10","1.39","","-0.28","0.71","-0.97","2.09","","-0.71","","","33.5 %","63.0 %","47.2 %","59.0 %","85.5 %","75.4 %","46.4 %","24.0","16.9","1.9","-3.1","-1.3","22 - 35","15.8 %","41.7 %","33.3 %","25.0 %","19.6 %","49.1 %","31.3 %","3.85","34.1 %","5.0 %","","8.3 %","28.9 %","13.6 %","6.4 %","","","12.2 %","25.6 %","0.0 %","85.6","","81.2","95.5","92.2","86.8","","","91.3","85.0","86.4","-1.6","","5.3","-3.0","-1.1","-4.3","","","-1.2","0.3","1.7","5.3","","-4.5","9.2","6.5","2.2","","","5.4","0.8","7.6","-5.7","","4.9","-17.3","-18.2","11.0","","","3.2","44.6","-0.1","-0.49","","0.25","-0.26","-0.57","0.74","","","0.11","0.75","-1.80","34.0 %","62.9 %","47.2 %","59.9 %","85.5 %","75.5 %","45.7 %","24.4"
"Rays","68","94","4.20","647","162","1","1","42","75","18","1426.1","6076","1395","713","665","210","491","25","32","61","7","1357","27","68","94","4.20","647","162","1","1","42","18","1426.1","6076","1395","713","665","210","491","25","32","61","7","1357","1696","1609","833","167","8735","15382","24117","672","100","55","12","8.56","3.10","2.76","8.80","1.33",".251","1.32",".297","74.2 %","4.26","1.05","20.1 %","41.0 %","38.9 %","10.4 %","13.1 %","5.9 %","21.8 %","117.2","918.6","1.0","501.9","118.2","12.2","$97.6","4.33","4.22","-4.53","-109.06","104.53","-6.64","-0.62","0.98","1.45","1.03","1.09","485","-2.80","-1.81","53.4 %","92.3","13.1 %","85.9","8.9 %","87.2","9.9 %","78.0","14.1 %","84.4","","","0.7 %","70.3","0.4 %","","-18.3","28.4","-1.1","-5.1","3.1","","2.2","-0.14","0.90","-0.05","-0.22","0.09","","1.27","31.5 %","66.4 %","46.8 %","63.6 %","85.3 %","77.1 %","43.7 %","60.0 %","10.7 %","75","124","74","102","103","99","22.3 %","8.1 %","4.03","4.24","-0.06","46.4 %","8.0 %","7.9 %","2.9 %","","0.9 %","15.9 %","4.8 %","2.4 %","","10.3 %","","0.6 %","","92.3","91.4","87.3","84.6","","91.6","83.8","77.8","81.1","","84.2","","70.1","1.1","-1.7","3.7","-4.7","","-9.4","3.3","3.1","-1.0","","-0.4","","1.8","10.4","7.9","5.4","6.2","","3.2","0.9","-6.4","-6.4","","4.6","","1.4","-6.1","3.8","6.9","0.3","","-3.2","23.0","-2.7","-0.3","","1.0","","1.4","-0.06","0.20","0.37","0.04","","-1.41","0.60","-0.23","-0.04","","0.04","","1.09","31.3 %","63.6 %","46.8 %","61.5 %","85.4 %","77.1 %","47.9 %","22.3","12.8","0.1","0.5","0.7","23 - 32","14.3 %","38.2 %","35.2 %","26.6 %","19.1 %","49.3 %","31.7 %","4.03","33.9 %","10.5 %","","10.2 %","46.6 %","10.7 %","3.4 %","0.7 %","","6.8 %","11.2 %","0.0 %","85.1","","79.0","93.4","87.9","85.5","71.2","","91.7","86.4","81.5","-1.4","","1.3","0.1","1.6","-6.1","0.7","","-5.7","2.0","-3.2","3.7","","-4.8","10.5","4.5","6.1","1.2","","5.2","0.7","6.2","1.5","","-2.2","-3.3","14.2","0.9","2.3","","-6.6","17.4","0.2","0.06","","-0.09","-0.03","0.56","0.11","1.36","","-0.40","0.65","2.58","31.8 %","63.5 %","46.8 %","62.5 %","85.1 %","77.0 %","47.3 %","23.0"
"Royals","81","81","4.21","634","162","3","0","41","78","19","1440.0","6182","1433","712","674","206","517","8","60","55","7","1287","30","81","81","4.21","634","162","3","0","41","19","1440.0","6182","1433","712","674","206","517","8","60","55","7","1287","1878","1533","833","155","8719","15242","23961","675","119","73","20","8.04","3.23","2.49","8.96","1.29",".256","1.35",".298","75.4 %","4.42","1.23","19.6 %","44.3 %","36.1 %","10.1 %","13.4 %","6.3 %","27.4 %","48.8","898.7","45.2","536.4","93.9","9.9","$78.9","4.67","4.33","5.42","-105.87","111.29","33.23","3.35","1.00","1.38","1.10","1.17","472","-1.50","6.92","57.7 %","92.9","12.6 %","83.1","3.7 %","88.2","12.5 %","79.5","13.5 %","84.7","","","","","0.1 %","","-39.4","1.7","2.1","-4.6","12.4","","","-0.29","0.06","0.24","-0.15","0.38","","","29.8 %","67.2 %","46.8 %","63.9 %","85.6 %","78.0 %","45.5 %","59.2 %","10.3 %","78","146","60","99","106","102","20.8 %","8.4 %","4.19","4.22","-0.21","33.1 %","13.2 %","4.4 %","0.2 %","","11.2 %","9.3 %","7.5 %","7.9 %","0.0 %","13.3 %","","0.0 %","0.0 %","93.0","93.3","88.3","80.3","","92.0","82.9","81.7","78.8","79.1","84.7","","73.3","-2.7","-4.4","0.8","-7.3","","-7.6","2.3","1.3","5.4","-2.7","-4.0","","-10.1","10.0","7.3","5.0","6.2","","4.7","3.0","-4.3","-6.3","-6.9","4.3","","2.3","2.7","-18.6","13.0","-2.4","","-14.3","-4.8","11.0","-10.7","0.1","13.3","","0.1","0.03","-0.59","1.24","-6.05","","-0.54","-0.22","0.61","-0.57","1.41","0.42","","5.02","30.2 %","64.4 %","46.9 %","62.3 %","85.7 %","77.9 %","48.6 %","22.5","17.1","-0.2","7.4","7.2","24 - 37","12.5 %","41.4 %","33.5 %","25.2 %","18.5 %","48.5 %","33.0 %","4.25","32.5 %","13.4 %","","12.9 %","35.5 %","3.8 %","","","","22.1 %","12.2 %","0.1 %","85.3","","80.2","93.8","88.6","","","","93.1","83.6","88.5","-3.6","","5.1","-2.6","1.4","","","","-5.1","1.6","-2.3","4.0","","-6.4","9.7","3.5","","","","5.7","2.2","7.3","13.4","","-2.0","3.4","3.4","","","","-31.4","1.7","0.3","0.42","","-0.06","0.04","0.37","","","","-0.59","0.06","1.84","31.0 %","64.0 %","46.9 %","63.5 %","85.5 %","78.0 %","48.2 %","23.0"
"Orioles","89","73","4.22","605","162","1","0","54","58","14","1432.0","6122","1408","715","671","183","545","23","51","59","3","1248","28","89","73","4.22","605","162","1","0","54","14","1432.0","6122","1408","715","671","183","545","23","51","59","3","1248","1897","1452","882","156","9011","15306","24317","744","103","43","17","7.84","3.43","2.29","8.85","1.15",".255","1.36",".299","73.8 %","4.31","1.31","20.8 %","44.8 %","34.3 %","10.7 %","12.6 %","5.4 %","39.5 %","95.5","884.6","54.0","541.8","149.6","15.4","$123.4","4.70","4.34","6.57","-99.89","106.46","18.95","1.72","0.95","1.09","1.00","1.04","443","-0.95","7.89","61.0 %","92.2","14.5 %","82.7","4.1 %","86.7","6.8 %","76.4","9.2 %","83.6","4.4 %","84.0","0.0 %","71.0","0.4 %","","1.5","-6.9","-1.0","-5.8","-8.1","9.0","0.0","0.01","-0.20","-0.10","-0.35","-0.37","0.84","-2.68","30.3 %","66.5 %","46.2 %","66.1 %","86.7 %","79.1 %","44.0 %","57.8 %","9.6 %","58","141","53","99","98","102","20.4 %","8.9 %","4.28","4.68","-0.10","42.1 %","15.6 %","1.8 %","6.4 %","","1.6 %","17.1 %","5.9 %","1.9 %","0.0 %","7.5 %","","0.0 %","","92.5","91.8","89.4","84.4","","89.4","83.4","77.5","75.2","76.7","83.5","","70.7","-3.4","-1.8","1.2","-7.1","","-1.0","2.6","5.1","4.5","-1.1","-3.5","","1.5","9.5","6.6","7.8","3.9","","1.6","1.7","-4.1","-9.3","0.2","5.8","","5.3","4.3","19.6","-6.6","11.1","","-0.9","-3.9","-1.5","-4.6","0.0","-14.0","","0.0","0.04","0.52","-1.54","0.72","","-0.23","-0.09","-0.11","-1.00","-3.69","-0.77","","-2.62","29.9 %","64.4 %","46.2 %","63.8 %","87.0 %","79.1 %","47.2 %","22.2","16.1","-0.5","1.2","0.7","23 - 33","11.5 %","41.1 %","33.1 %","25.7 %","19.8 %","50.3 %","29.9 %","4.37","32.3 %","8.7 %","","8.6 %","38.5 %","4.9 %","5.0 %","","","22.2 %","12.1 %","0.0 %","84.8","","78.2","93.8","87.8","84.8","","","92.5","84.0","81.4","-4.3","","3.6","-3.4","2.0","-6.5","","","-2.3","3.3","5.5","4.7","","-5.8","9.3","3.5","3.8","","","6.4","1.1","15.0","-3.8","","-14.6","16.1","5.1","8.5","","","-0.8","-0.4","-0.1","-0.18","","-0.70","0.17","0.44","0.71","","","-0.01","-0.02","-5.80","31.0 %","63.9 %","46.1 %","65.9 %","86.5 %","79.0 %","46.0 %","22.7"
"Pirates","78","83","4.22","687","162","5","1","51","89","20","1450.2","6292","1491","758","681","180","533","28","68","71","7","1232","28","78","83","4.22","687","162","5","1","51","20","1450.2","6292","1491","758","681","180","533","28","68","71","7","1232","2036","1380","921","114","8832","15236","24068","729","137","120","31","7.64","3.31","2.31","9.25","1.12",".262","1.40",".306","72.5 %","4.30","1.48","21.2 %","46.9 %","31.8 %","8.3 %","13.0 %","6.7 %","25.8 %","71.3","862.4","14.2","578.0","85.5","9.2","$73.8","4.66","4.28","-4.01","-114.60","110.59","-54.46","-5.90","1.00","1.24","1.02","1.06","525","-9.54","5.54","61.7 %","92.9","13.2 %","85.5","6.0 %","88.0","7.0 %","79.0","11.8 %","84.3","0.3 %","91.0","0.0 %","58.5","0.5 %","","-67.9","-12.8","12.3","-3.8","5.2","1.4","-0.1","-0.46","-0.40","0.85","-0.23","0.19","1.99","-2.81","30.5 %","68.4 %","46.9 %","66.0 %","87.4 %","79.5 %","43.5 %","60.0 %","9.6 %","89","139","82","103","106","103","19.6 %","8.5 %","4.26","4.52","-0.08","32.0 %","20.6 %","3.8 %","0.3 %","","9.8 %","14.5 %","6.0 %","1.1 %","","11.9 %","","0.0 %","","93.4","92.0","87.6","90.7","","92.5","85.9","78.7","80.8","","84.1","","58.5","-2.2","2.1","1.4","-7.1","","-1.0","1.1","3.6","5.0","","2.4","","0.4","8.2","5.9","3.7","2.1","","5.0","2.3","-6.0","-7.6","","4.2","","2.0","-21.9","-20.1","12.4","1.6","","-10.5","-5.4","-5.1","2.4","","1.4","","-0.1","-0.29","-0.41","1.36","2.16","","-0.44","-0.15","-0.36","0.90","","0.05","","-2.74","30.8 %","65.4 %","47.0 %","63.6 %","88.0 %","79.5 %","46.7 %","22.3","8.5","-3.0","2.3","-0.7","22 - 38","11.1 %","40.6 %","34.4 %","25.0 %","18.9 %","50.7 %","30.4 %","4.41","30.9 %","11.6 %","","7.3 %","34.8 %","5.9 %","0.3 %","","","26.8 %","13.2 %","0.1 %","84.9","","79.5","94.0","88.9","91.1","","","93.0","86.1","79.5","1.8","","3.2","-1.4","0.6","-7.5","","","-0.6","0.9","-1.3","4.6","","-5.9","8.6","4.9","2.6","","","5.6","2.2","3.9","13.4","","-3.6","-13.0","13.1","1.4","","","-43.2","-12.1","-0.1","0.48","","-0.21","-0.16","0.93","1.90","","","-0.67","-0.38","-0.79","31.4 %","65.1 %","47.0 %","64.3 %","88.0 %","79.5 %","46.2 %","22.8"
"Tigers","86","75","4.24","637","161","3","1","47","75","19","1428.0","6048","1417","721","673","182","462","25","51","44","4","1232","28","86","75","4.24","637","161","3","1","47","19","1428.0","6048","1417","721","673","182","462","25","51","44","4","1232","1885","1555","800","189","8461","15071","23532","750","99","63","20","7.76","2.91","2.67","8.93","1.15",".256","1.32",".300","72.2 %","4.16","1.21","18.9 %","44.5 %","36.7 %","12.2 %","11.7 %","5.3 %","31.7 %","124.0","916.1","43.6","503.5","167.5","17.4","$139.4","4.31","4.31","3.31","-102.43","105.75","4.63","0.47","0.97","1.29","1.05","1.11","476","0.83","2.59","58.1 %","92.6","15.8 %","86.1","5.9 %","88.1","8.4 %","77.7","10.3 %","83.9","1.5 %","81.4","0.0 %","74.7","0.4 %","","-25.8","11.5","6.7","6.7","17.4","-3.8","-0.1","-0.19","0.31","0.49","0.34","0.73","-1.10","-4.53","31.0 %","68.1 %","47.6 %","66.7 %","85.6 %","78.8 %","44.7 %","61.9 %","10.1 %","75","124","68","99","96","102","20.4 %","7.6 %","4.16","4.73","0.09","41.3 %","7.2 %","3.4 %","3.2 %","","8.3 %","18.3 %","8.8 %","0.1 %","","9.5 %","","0.0 %","","92.7","93.1","88.6","82.8","","92.1","86.5","77.9","84.3","","84.4","","72.7","-2.0","-6.0","0.1","-6.2","","-6.7","1.6","3.0","1.3","","-3.0","","-9.6","9.7","7.4","6.1","2.4","","6.0","3.4","-4.7","-2.9","","4.6","","7.5","-26.3","7.7","3.2","-5.7","","-1.8","25.1","0.6","2.1","","19.7","","-0.1","-0.27","0.45","0.40","-0.77","","-0.09","0.59","0.03","7.07","","0.89","","-4.75","31.1 %","64.8 %","47.6 %","64.4 %","85.9 %","78.7 %","49.0 %","23.1","15.6","-0.5","-1.4","-1.8","23 - 34","12.7 %","40.0 %","35.6 %","24.5 %","18.3 %","51.6 %","30.1 %","4.22","31.0 %","10.3 %","","7.7 %","40.1 %","6.2 %","1.4 %","","","18.0 %","16.3 %","0.0 %","84.6","","78.2","93.5","88.8","82.0","","","93.1","86.5","67.7","-3.3","","3.2","-2.5","1.6","-5.2","","","-4.2","1.6","-4.4","4.3","","-5.2","9.8","4.6","-0.4","","","7.0","2.9","-5.6","19.5","","2.4","-20.1","12.0","-3.1","","","3.1","13.7","0.0","0.81","","0.14","-0.21","0.83","-0.95","","","0.07","0.36","-0.23","32.0 %","64.1 %","47.6 %","64.5 %","86.2 %","78.7 %","48.7 %","24.2"
"Angels","74","88","4.28","689","162","4","3","29","83","21","1421.1","6120","1480","727","676","208","498","27","56","47","10","1136","28","74","88","4.28","689","162","4","3","29","21","1421.1","6120","1480","727","676","208","498","27","56","47","10","1136","1780","1661","925","179","8569","15136","23705","717","117","63","21","7.19","3.15","2.28","9.37","1.32",".266","1.39",".301","75.0 %","4.62","1.07","21.2 %","40.8 %","38.0 %","10.8 %","12.5 %","6.6 %","33.3 %","56.5","873.6","5.2","539.1","61.7","6.7","$54.0","4.80","4.66","-9.22","-108.69","99.47","-50.62","-5.25","0.94","1.35","0.96","0.98","527","-11.11","1.32","52.3 %","90.7","17.1 %","82.2","1.1 %","87.3","9.5 %","75.2","15.5 %","80.5","4.5 %","83.8","","","0.5 %","","-69.6","-5.0","-6.5","11.2","-11.0","17.8","","-0.56","-0.12","-2.46","0.50","-0.30","1.67","","30.0 %","66.7 %","46.7 %","65.2 %","86.2 %","78.9 %","45.5 %","60.6 %","9.8 %","83","110","81","105","111","110","18.6 %","8.1 %","4.48","4.54","-0.34","28.1 %","15.6 %","1.5 %","0.4 %","","7.8 %","16.6 %","7.5 %","1.1 %","","21.2 %","0.1 %","","0.0 %","91.5","89.7","88.2","79.4","","90.7","81.7","74.1","82.3","","81.3","79.0","","-2.2","-4.8","1.8","-5.7","","4.1","3.1","3.6","1.9","","-2.3","8.7","","9.8","7.2","4.9","2.3","","8.2","1.5","-4.1","1.3","","5.9","5.0","","-23.8","-28.3","-3.5","0.2","","3.4","11.8","6.5","-1.6","","-8.8","-0.6","","-0.36","-0.77","-1.00","0.25","","0.18","0.30","0.37","-0.60","","-0.18","-4.63","","30.5 %","64.0 %","46.7 %","63.5 %","86.7 %","78.9 %","48.3 %","23.1","9.6","-1.1","3.9","2.8","23 - 33","10.4 %","42.7 %","33.2 %","24.1 %","17.9 %","49.5 %","32.6 %","4.49","30.1 %","14.5 %","0.5 %","8.3 %","37.7 %","1.6 %","5.5 %","","","14.6 %","17.3 %","0.0 %","81.1","73.2","75.8","92.0","86.5","83.9","","","90.0","82.5","72.9","-1.2","8.5","3.2","-0.8","2.0","-5.8","","","-5.2","2.9","5.7","5.8","-8.0","-3.6","9.5","4.4","3.7","","","5.8","1.2","6.5","-6.6","-0.3","7.9","-36.8","-10.1","11.3","","","-18.2","8.1","-0.2","-0.19","-0.23","0.41","-0.41","-2.70","0.87","","","-0.53","0.20","-3.78","31.3 %","63.7 %","46.7 %","64.5 %","86.6 %","78.9 %","47.6 %","23.7"
"Rangers","95","67","4.38","641","162","1","0","56","103","17","1443.0","6186","1441","757","703","201","534","16","53","45","5","1154","28","95","67","4.38","641","162","1","0","56","17","1443.0","6186","1441","757","703","201","534","16","53","45","5","1154","1999","1494","902","130","8748","14889","23637","765","117","50","10","7.20","3.33","2.16","8.99","1.25",".257","1.37",".292","72.8 %","4.58","1.34","20.5 %","45.5 %","34.0 %","8.7 %","13.5 %","5.9 %","20.0 %","77.9","918.3","15.6","515.6","93.5","10.1","$80.9","5.15","4.49","4.43","-110.22","114.66","-7.98","-1.04","1.03","1.33","1.14","1.22","479","-0.28","4.58","56.5 %","92.0","13.9 %","83.3","6.3 %","88.3","11.7 %","76.8","11.1 %","82.5","0.5 %","87.8","0.0 %","60.7","0.2 %","","-19.3","0.3","2.5","3.6","-8.1","3.2","0.1","-0.14","0.01","0.17","0.13","-0.31","2.87","2.17","30.7 %","67.0 %","46.5 %","67.1 %","86.8 %","79.5 %","43.5 %","60.0 %","9.5 %","103","145","71","100","106","106","18.7 %","8.6 %","4.44","4.77","-0.19","31.2 %","18.4 %","3.9 %","0.5 %","","7.9 %","13.8 %","12.1 %","0.7 %","","11.5 %","","0.1 %","","91.7","93.2","88.2","87.1","","89.9","83.5","77.3","77.3","","82.7","","62.3","-0.7","3.9","3.1","-4.0","","7.4","2.7","3.0","2.1","","4.2","","-1.6","9.9","6.5","4.8","4.0","","5.5","2.3","-4.1","-0.3","","5.4","","4.6","-23.6","19.0","5.6","1.0","","-1.7","8.9","0.3","-0.5","","-5.5","","-0.4","-0.32","0.44","0.61","0.90","","-0.09","0.27","0.01","-0.33","","-0.20","","-1.85","30.3 %","64.6 %","46.5 %","64.9 %","87.1 %","79.4 %","47.2 %","22.3","15.4","1.9","3.4","5.3","21 - 37","10.0 %","42.0 %","35.1 %","22.9 %","18.6 %","48.7 %","32.8 %","4.54","30.5 %","10.9 %","0.2 %","11.5 %","31.5 %","7.9 %","0.6 %","","","25.1 %","12.3 %","0.1 %","83.5","70.5","77.8","93.1","88.3","86.0","","","93.0","84.2","79.5","4.1","7.4","2.6","-0.5","2.3","-0.8","","","3.8","2.3","-0.8","4.8","-10.0","-4.8","9.8","4.7","2.8","","","5.5","1.4","5.8","-10.4","-0.1","6.6","-24.1","-4.1","4.5","","","20.8","5.7","0.0","-0.41","-0.26","0.24","-0.33","-0.22","3.21","","","0.35","0.20","0.24","31.6 %","64.0 %","46.5 %","65.8 %","87.4 %","79.5 %","46.0 %","23.0"
"Padres","68","94","4.44","672","162","1","0","35","74","18","1440.0","6228","1425","770","711","183","569","44","53","67","3","1222","28","68","94","4.44","672","162","1","0","35","18","1440.0","6228","1425","770","711","183","569","44","53","67","3","1222","1998","1447","857","139","9127","14976","24103","686","135","78","15","7.64","3.56","2.15","8.91","1.14",".254","1.38",".296","71.3 %","4.40","1.38","19.9 %","46.4 %","33.6 %","9.6 %","12.6 %","6.8 %","19.2 %","56.6","881.2","24.8","550.4","81.4","8.7","$69.3","4.43","4.42","-4.81","-108.77","103.95","-75.07","-8.09","0.96","1.60","1.01","1.05","510","-6.26","1.26","59.7 %","91.8","15.5 %","83.8","4.7 %","87.7","12.6 %","77.4","7.1 %","83.9","0.4 %","84.4","","","0.7 %","","-4.8","-3.3","-2.5","-5.5","-7.7","-2.4","","-0.03","-0.09","-0.22","-0.18","-0.45","-2.44","","28.7 %","65.8 %","44.8 %","65.6 %","87.3 %","79.4 %","43.4 %","58.5 %","9.2 %","74","118","75","112","108","107","19.6 %","9.1 %","4.37","4.29","0.05","36.4 %","22.2 %","3.5 %","0.4 %","","0.1 %","11.8 %","12.5 %","4.3 %","0.0 %","8.7 %","","0.0 %","0.0 %","91.9","91.7","87.8","84.2","","92.5","84.5","78.6","78.5","60.2","84.8","","58.0","0.1","-1.0","2.8","-5.2","","-0.3","1.8","2.2","0.5","8.3","-2.5","","-1.7","9.4","6.4","5.2","6.4","","5.5","1.2","-4.8","-8.3","-5.3","5.3","","1.8","8.1","-3.7","0.3","-3.2","","-0.7","-15.4","0.0","7.0","-1.4","2.1","","-0.3","0.09","-0.07","0.04","-2.99","","-3.19","-0.54","0.00","0.69","-28.75","0.10","","-6.62","28.6 %","62.8 %","44.8 %","61.9 %","88.1 %","79.4 %","47.5 %","23.1","4.7","1.1","-5.0","-4.0","22 - 39","10.5 %","38.2 %","35.9 %","25.9 %","18.4 %","48.6 %","33.0 %","4.49","31.7 %","6.5 %","0.1 %","15.0 %","37.4 %","8.6 %","1.4 %","","","18.1 %","12.9 %","0.0 %","84.5","68.2","79.2","92.9","90.1","87.1","","","93.0","84.8","88.8","-2.7","6.9","1.8","-1.0","0.5","-4.3","","","-1.7","0.2","-5.4","5.6","-7.2","-6.4","9.6","5.4","4.5","","","6.0","0.9","6.6","2.8","-1.5","-8.9","8.5","-5.2","-2.8","","","-2.2","5.7","0.1","0.18","-6.61","-0.25","0.09","-0.25","-0.83","","","-0.05","0.18","1.60","29.0 %","62.7 %","44.8 %","62.3 %","88.2 %","79.3 %","46.9 %","23.7"
"Braves","68","93","4.51","748","161","1","1","39","64","19","1447.2","6250","1414","779","725","177","547","55","70","83","4","1227","27","68","93","4.51","748","161","1","1","39","19","1447.2","6250","1414","779","725","177","547","55","70","83","4","1227","1921","1518","862","127","9001","15340","24341","649","107","104","25","7.63","3.40","2.24","8.79","1.10",".251","1.35",".293","70.2 %","4.32","1.27","20.0 %","44.7 %","35.3 %","8.4 %","11.7 %","5.6 %","24.0 %","43.4","878.0","39.9","562.2","83.3","8.9","$71.6","4.57","4.48","-1.63","-108.93","107.30","-58.65","-6.04","1.00","1.39","1.10","1.16","588","-2.62","0.98","60.4 %","92.6","17.7 %","83.7","2.4 %","87.3","10.6 %","78.3","8.9 %","83.5","0.0 %","83.5","","","0.9 %","","-53.0","34.4","3.4","-4.4","-0.7","-0.8","","-0.36","0.81","0.57","-0.17","-0.03","-12.79","","29.8 %","67.0 %","46.2 %","65.0 %","87.4 %","79.3 %","44.2 %","58.3 %","9.5 %","64","141","90","109","107","108","19.6 %","8.8 %","4.36","4.03","0.19","38.1 %","14.0 %","2.2 %","0.0 %","","8.0 %","19.9 %","9.0 %","","","8.7 %","","","","92.9","93.0","85.9","83.2","","90.8","83.7","77.4","","","83.5","","","-4.4","-7.1","1.6","-4.9","","-6.4","2.3","4.0","","","-7.0","","","8.4","6.2","5.3","1.1","","4.0","0.7","-4.6","","","4.7","","","-5.8","-10.3","3.7","-0.8","","-21.8","35.1","1.2","","","0.4","","","-0.06","-0.31","0.69","-10.85","","-1.13","0.73","0.05","","","0.02","","","29.6 %","64.0 %","46.2 %","63.8 %","86.9 %","79.3 %","48.4 %","22.9","7.2","1.8","-3.5","-1.7","22 - 39","10.9 %","37.7 %","35.6 %","26.8 %","18.6 %","49.9 %","31.6 %","4.44","31.2 %","8.9 %","","9.6 %","38.7 %","2.3 %","","","","20.7 %","19.7 %","0.1 %","84.3","","78.7","93.9","87.3","","","","93.0","84.5","77.2","-6.7","","3.9","-4.0","1.9","","","","-7.1","2.7","-0.2","5.0","","-4.7","8.6","5.9","","","","5.4","1.1","5.7","-2.1","","-7.4","-17.4","2.7","","","","-20.4","45.2","-0.3","-0.10","","-0.32","-0.19","0.49","","","","-0.41","0.95","-2.52","30.0 %","63.9 %","46.3 %","64.3 %","86.9 %","79.3 %","48.0 %","23.6"
"Athletics","69","93","4.51","654","162","2","1","42","66","23","1433.1","6144","1459","761","719","185","464","28","50","70","3","1188","27","69","93","4.51","654","162","2","1","42","23","1433.1","6144","1459","761","719","185","464","28","50","70","3","1188","2029","1479","881","147","8574","14897","23471","653","137","51","13","7.46","2.91","2.56","9.16","1.16",".259","1.34",".299","70.7 %","4.24","1.37","20.1 %","46.2 %","33.7 %","9.9 %","12.5 %","6.8 %","25.5 %","68.6","869.2","46.0","555.5","114.7","12.2","$97.8","4.41","4.28","-8.38","-109.48","101.10","-73.42","-7.57","0.96","1.21","1.02","1.06","491","-5.27","-3.44","60.6 %","92.3","11.9 %","82.9","6.9 %","87.7","9.3 %","76.9","11.5 %","83.3","","","","","0.4 %","","-4.0","-3.4","0.1","-10.5","2.1","","","-0.03","-0.12","0.00","-0.48","0.08","","","29.8 %","67.1 %","46.8 %","63.6 %","86.5 %","78.6 %","45.6 %","60.9 %","10.0 %","66","118","77","109","101","101","19.3 %","7.6 %","4.21","4.10","0.27","39.7 %","11.0 %","4.5 %","0.1 %","","11.0 %","10.6 %","10.4 %","","0.0 %","12.7 %","","","","92.4","91.6","88.0","84.6","","92.2","83.7","76.9","","57.3","83.3","","","1.0","-5.3","1.7","7.7","","-3.1","2.6","1.6","","-7.6","-0.1","","","8.7","5.1","3.8","5.2","","5.5","0.6","-6.7","","-8.0","2.6","","","9.0","0.8","-2.0","-1.8","","-3.5","0.5","-3.4","","0.0","1.7","","","0.10","0.03","-0.19","-9.91","","-0.14","0.02","-0.14","","-1.18","0.06","","","30.2 %","64.2 %","46.8 %","61.8 %","86.7 %","78.5 %","48.8 %","22.8","9.6","-0.2","-2.5","-2.7","23 - 36","11.8 %","39.5 %","35.6 %","25.0 %","18.7 %","51.6 %","29.8 %","4.33","29.9 %","11.4 %","0.0 %","11.6 %","39.3 %","5.9 %","0.1 %","","","21.2 %","10.5 %","0.1 %","84.1","63.2","78.0","93.2","89.6","85.4","","","93.0","84.5","86.8","-0.7","-8.1","1.6","0.8","1.5","7.6","","","-5.3","1.5","2.5","3.1","-7.7","-6.3","8.9","4.3","6.1","","","5.2","0.6","3.3","8.2","-0.1","-3.5","-8.0","-1.5","-2.0","","","7.3","1.9","-0.7","0.31","-1.77","-0.13","-0.09","-0.11","-8.80","","","0.15","0.08","-5.18","30.8 %","63.9 %","46.8 %","62.3 %","86.9 %","78.5 %","48.3 %","23.3"
"Phillies","71","91","4.64","667","162","4","3","43","80","20","1437.0","6163","1468","796","741","213","466","30","51","57","9","1299","27","71","91","4.64","667","162","4","3","43","20","1437.0","6163","1468","796","741","213","466","30","51","57","9","1299","1743","1547","959","163","8683","15153","23836","610","114","97","25","8.14","2.92","2.79","9.19","1.33",".260","1.35",".304","70.5 %","4.34","1.13","22.6 %","41.0 %","36.4 %","10.5 %","13.8 %","6.5 %","25.8 %","123.0","906.9","5.3","523.1","128.3","13.6","$108.9","4.84","4.21","-2.03","-110.67","108.64","-86.08","-9.16","1.01","1.31","1.06","1.12","505","-6.39","4.37","55.9 %","91.9","13.0 %","83.2","2.3 %","86.1","14.0 %","77.6","11.8 %","82.5","3.0 %","87.1","","","0.5 %","","-53.1","-2.0","-0.4","8.0","-19.8","12.6","","-0.40","-0.07","-0.08","0.24","-0.71","1.80","","30.0 %","65.5 %","46.2 %","63.5 %","86.0 %","78.1 %","45.7 %","58.9 %","10.1 %","80","129","84","112","102","102","21.1 %","7.6 %","4.10","3.82","0.30","36.0 %","17.2 %","0.6 %","3.0 %","","3.6 %","13.2 %","14.6 %","0.3 %","","11.5 %","","","","92.2","91.3","84.3","87.0","","91.0","83.5","77.8","78.6","","82.3","","","-2.9","-8.1","3.2","-8.8","","-9.2","1.2","5.3","-1.1","","-4.0","","","9.2","5.8","0.1","1.1","","4.2","2.1","-5.7","0.2","","4.9","","","-19.5","-20.6","-0.4","8.6","","2.6","5.8","8.6","-0.1","","-17.8","","","-0.23","-0.51","-0.26","1.21","","0.30","0.18","0.25","-0.10","","-0.66","","","31.6 %","62.4 %","46.2 %","62.4 %","86.8 %","78.1 %","47.5 %","22.3","4.9","-2.0","-6.7","-8.7","22 - 32","13.5 %","39.1 %","34.7 %","26.2 %","19.3 %","49.9 %","30.8 %","4.12","32.1 %","10.8 %","","12.9 %","38.0 %","2.2 %","3.9 %","","","18.1 %","14.1 %","0.0 %","82.7","","77.9","92.9","86.2","87.3","","","91.5","83.3","68.4","-3.1","","6.0","-3.0","1.1","-8.4","","","-7.0","2.3","-3.5","5.1","","-6.3","9.1","3.9","1.2","","","5.2","1.2","1.9","-7.9","","8.8","-28.8","-3.0","4.3","","","-9.2","2.8","-0.1","-0.31","","0.29","-0.32","-0.59","0.47","","","-0.21","0.08","-1.43","31.8 %","62.4 %","46.2 %","63.1 %","86.5 %","78.0 %","47.2 %","23.4"
"Reds","68","94","4.91","646","162","2","1","28","57","25","1442.0","6348","1457","854","787","258","636","31","78","61","12","1241","27","68","94","4.91","646","162","2","1","28","25","1442.0","6348","1457","854","787","258","636","31","78","61","12","1241","1789","1624","888","134","9523","15380","24903","716","115","88","23","7.75","3.97","1.95","9.09","1.61",".259","1.45",".290","72.8 %","5.24","1.10","20.6 %","41.6 %","37.8 %","8.3 %","15.9 %","6.4 %","26.1 %","21.5","856.9","-41.1","577.4","-19.6","-1.4","($10.8)","5.60","4.79","-11.00","-116.19","105.19","-124.88","-12.61","0.97","1.53","0.97","1.01","484","-15.50","4.13","58.4 %","92.4","20.4 %","85.2","2.7 %","89.0","6.9 %","76.6","10.1 %","83.7","1.6 %","85.4","0.0 %","65.2","0.5 %","","-126.2","9.0","0.5","-2.1","3.9","-17.0","0.7","-0.87","0.18","0.08","-0.12","0.16","-4.43","14.72","27.5 %","67.3 %","45.7 %","63.9 %","86.2 %","78.9 %","45.7 %","57.6 %","9.6 %","57","105","92","117","124","116","19.6 %","10.0 %","4.58","4.47","-0.32","41.9 %","7.2 %","2.9 %","1.0 %","","8.6 %","21.7 %","5.8 %","1.0 %","0.0 %","9.9 %","","0.0 %","0.0 %","92.5","92.2","87.9","84.8","","91.9","85.4","75.9","80.4","66.7","83.7","","65.6","-1.7","-7.6","1.0","-6.2","","3.5","2.5","4.5","5.7","-2.7","-2.1","","-2.8","8.3","5.6","5.0","4.7","","6.7","1.0","-5.3","-6.7","6.2","3.8","","3.0","-85.2","-5.8","-11.7","-9.7","","-4.1","17.6","-4.2","0.2","0.0","-1.6","","0.5","-0.82","-0.32","-1.66","-4.08","","-0.19","0.33","-0.30","0.06","-0.72","-0.06","","11.74","28.5 %","64.9 %","45.7 %","63.2 %","86.4 %","78.8 %","47.2 %","21.7","1.6","2.8","0.1","2.9","23 - 35","9.5 %","39.2 %","35.0 %","25.8 %","17.3 %","50.5 %","32.3 %","4.60","33.6 %","9.9 %","","7.0 %","40.1 %","3.5 %","1.7 %","","","17.4 %","20.3 %","0.1 %","84.3","","77.5","93.2","89.8","86.4","","","93.5","85.9","88.0","-2.7","","4.0","-1.8","0.2","-6.5","","","-3.1","1.8","-2.3","4.7","","-4.8","9.3","4.7","4.0","","","6.7","1.6","6.1","-0.5","","-1.2","-74.3","-3.5","-9.3","","","-26.8","12.5","0.7","-0.02","","-0.07","-0.75","-0.40","-2.18","","","-0.62","0.25","2.42","29.1 %","64.5 %","45.7 %","64.0 %","86.3 %","78.8 %","46.8 %","22.7"
"Rockies","75","87","4.92","695","162","2","2","37","73","28","1429.1","6289","1532","860","781","181","547","38","70","72","5","1223","27","75","87","4.92","695","162","2","2","37","28","1429.1","6289","1532","860","781","181","547","38","70","72","5","1223","2135","1283","931","86","8967","15046","24013","845","140","94","21","7.70","3.44","2.24","9.65","1.14",".270","1.45",".317","68.0 %","4.38","1.66","21.4 %","49.1 %","29.5 %","6.7 %","14.1 %","6.6 %","22.3 %","110.4","904.3","18.0","518.5","128.4","13.5","$108.4","5.62","4.23","-5.75","-113.40","107.66","-23.86","-2.85","0.96","1.37","1.00","1.03","533","0.40","-6.39","56.4 %","92.8","14.8 %","85.9","9.2 %","86.5","6.7 %","76.3","12.6 %","83.4","0.4 %","80.2","","","0.5 %","","-84.8","17.4","-15.2","-12.5","-7.9","-2.0","","-0.63","0.49","-0.69","-0.78","-0.26","-2.36","","29.1 %","67.8 %","46.5 %","62.6 %","87.4 %","78.9 %","45.0 %","59.8 %","9.8 %","73","109","90","102","99","102","19.5 %","8.7 %","4.25","5.32","0.54","44.0 %","9.2 %","8.0 %","3.4 %","0.1 %","3.4 %","15.6 %","7.1 %","","","9.4 %","","","","93.0","92.2","86.9","81.6","80.1","89.6","85.9","76.6","","","84.1","","","-1.0","-4.2","2.3","7.5","-4.8","2.3","2.7","3.6","","","-0.9","","","7.7","5.7","3.8","1.5","-1.5","3.7","2.0","-4.9","","","3.9","","","-75.3","6.0","-12.2","0.7","0.6","-3.6","27.7","-15.0","","","-5.8","","","-0.72","0.27","-0.64","0.09","2.69","-0.44","0.74","-0.89","","","-0.26","","","30.4 %","65.4 %","46.6 %","62.2 %","87.7 %","78.8 %","46.3 %","22.9","9.8","-5.6","1.9","-3.7","21 - 37","10.8 %","40.0 %","34.7 %","25.4 %","18.1 %","49.5 %","32.4 %","4.45","31.0 %","9.5 %","","6.7 %","42.9 %","7.0 %","3.6 %","","","13.4 %","16.8 %","0.1 %","85.0","","77.3","94.1","87.4","82.4","","","92.7","86.9","89.8","-1.5","","3.2","-1.4","1.4","5.8","","","-3.7","1.9","-1.7","4.7","","-4.6","8.6","4.9","2.1","","","5.7","2.4","5.8","-4.8","","-12.8","-60.5","-18.9","-0.1","","","-13.0","31.2","1.2","-0.21","","-0.80","-0.59","-1.14","-0.01","","","-0.40","0.78","5.39","30.7 %","65.3 %","46.6 %","62.5 %","87.8 %","78.8 %","45.9 %","23.2"
"Twins","59","103","5.09","695","162","4","1","26","46","20","1443.0","6314","1617","889","816","221","479","26","41","83","7","1191","28","59","103","5.09","695","162","4","1","26","20","1443.0","6314","1617","889","816","221","479","26","41","83","7","1191","1950","1594","991","138","9002","15468","24470","722","136","68","15","7.43","2.99","2.49","10.09","1.38",".279","1.45",".319","68.3 %","4.57","1.22","21.9 %","43.0 %","35.1 %","8.7 %","13.9 %","7.0 %","22.1 %","60.4","872.3","21.6","563.0","82.1","8.5","$68.0","5.13","4.42","-12.47","-121.34","108.87","-148.14","-14.82","0.98","1.21","1.02","1.07","533","-12.91","0.23","56.6 %","91.8","16.3 %","83.6","2.3 %","87.4","14.0 %","78.9","9.7 %","82.9","1.1 %","82.2","","","0.3 %","","-99.1","12.6","-2.9","-15.2","-22.2","-2.6","","-0.72","0.32","-0.52","-0.44","-0.93","-0.96","","30.9 %","66.6 %","46.3 %","66.4 %","88.9 %","80.3 %","43.1 %","60.2 %","9.1 %","46","133","89","118","106","104","18.9 %","7.6 %","4.32","4.50","0.52","33.4 %","16.2 %","1.5 %","1.1 %","","7.6 %","16.9 %","9.2 %","5.1 %","","9.1 %","0.1 %","","0.0 %","91.7","92.0","87.6","82.0","","91.1","83.7","78.7","79.3","","82.8","78.2","","-0.9","-4.5","0.5","-2.5","","3.1","2.9","2.8","4.6","","0.3","8.3","","9.0","6.3","6.3","0.6","","7.7","1.0","-3.6","-6.3","","5.3","4.4","","-46.7","-35.1","-2.3","-1.8","","-0.5","8.4","-5.2","-5.3","","-19.1","-0.4","","-0.57","-0.89","-0.62","-0.71","","-0.03","0.20","-0.23","-0.43","","-0.87","-2.13","","31.6 %","62.7 %","46.3 %","64.6 %","88.9 %","80.2 %","47.3 %","21.8","-0.3","-7.1","-1.7","-8.8","22 - 33","11.3 %","39.9 %","35.2 %","24.9 %","17.6 %","49.0 %","33.4 %","4.39","30.0 %","9.7 %","1.0 %","11.7 %","39.8 %","3.3 %","1.1 %","","","17.2 %","16.2 %","0.0 %","83.6","73.7","79.9","92.7","87.4","83.1","","","92.2","83.8","56.5","-0.5","7.3","2.7","-1.1","0.9","-3.5","","","-4.5","2.4","-1.7","5.4","-7.1","-4.7","9.0","5.3","0.7","","","6.1","0.5","11.4","-18.8","-0.7","-15.7","-79.0","-6.7","0.9","","","-11.5","22.3","0.0","-0.80","-0.28","-0.55","-0.82","-0.83","0.33","","","-0.27","0.56","0.23","32.2 %","62.6 %","46.3 %","65.7 %","88.8 %","80.2 %","46.5 %","22.5"
"Diamondbacks","69","93","5.09","737","162","2","2","31","69","22","1451.1","6437","1563","890","821","202","603","57","57","69","7","1318","26","69","93","5.09","737","162","2","2","31","22","1451.1","6437","1563","890","821","202","603","57","57","69","7","1318","2014","1430","934","126","9360","15429","24789","752","114","81","16","8.17","3.74","2.19","9.69","1.25",".271","1.49",".320","68.7 %","4.50","1.41","21.3 %","46.0 %","32.7 %","8.8 %","14.1 %","5.7 %","19.8 %","78.4","882.7","5.7","560.7","84.0","8.9","$70.9","5.15","4.34","-9.89","-122.54","112.65","-121.70","-11.67","1.01","1.47","1.06","1.11","575","-7.01","-2.76","60.4 %","92.4","14.9 %","83.7","4.3 %","89.2","8.6 %","79.3","11.1 %","84.3","0.7 %","83.4","","","0.9 %","","-101.4","13.8","-7.2","4.4","-35.0","-2.1","","-0.68","0.38","-0.68","0.21","-1.28","-1.15","","30.2 %","67.1 %","46.1 %","63.1 %","87.0 %","78.1 %","43.3 %","58.1 %","10.0 %","69","124","97","116","108","105","20.5 %","9.4 %","4.30","4.66","0.59","45.7 %","11.3 %","4.4 %","0.5 %","","3.1 %","15.7 %","5.8 %","2.4 %","","11.1 %","","","","92.9","92.3","87.7","82.2","","87.7","84.0","78.2","79.9","","84.2","","","-0.4","1.1","1.5","-1.8","","-4.1","1.6","3.5","4.1","","-3.7","","","9.2","6.9","5.6","-0.2","","-0.1","0.9","-5.2","-7.0","","4.8","","","-53.7","-36.6","-3.4","0.2","","1.0","13.9","6.3","0.5","","-34.8","","","-0.48","-1.32","-0.31","0.14","","0.12","0.36","0.44","0.08","","-1.28","","","30.9 %","64.1 %","46.1 %","61.8 %","87.3 %","78.0 %","45.9 %","24.2","1.0","-7.1","-0.8","-7.8","23 - 36","11.1 %","39.5 %","35.0 %","25.4 %","17.6 %","48.2 %","34.3 %","4.41","33.0 %","11.1 %","0.0 %","8.4 %","46.2 %","5.6 %","0.6 %","","","12.9 %","15.1 %","0.0 %","85.2","68.2","80.1","94.0","89.4","84.7","","","92.3","84.7","86.8","-4.1","7.0","3.1","-0.7","0.8","-2.4","","","0.0","1.6","-4.5","4.8","-8.2","-5.8","9.3","5.5","0.6","","","5.2","1.0","5.5","-33.1","0.2","7.1","-49.6","-5.9","-3.1","","","-34.6","12.1","0.6","-1.22","1.59","0.34","-0.44","-0.43","-2.08","","","-1.09","0.33","8.35","31.2 %","63.9 %","46.1 %","62.4 %","87.1 %","78.0 %","45.7 %","24.8"
