"","Rank","Movie","ReleaseDate","Distributor","Genre","MPAA","2018 Gross","Tickets Sold"
"1","1","Black Panther","2/16/2018","Walt Disney","Action","PG-13","$700,059,566","78,044,544"
"2","2","Avengers: Infinity War","4/27/2018","Walt Disney","Action","PG-13","$678,815,482","75,676,196"
"3","3","Incredibles 2","6/15/2018","Walt Disney","Adventure","PG","$608,517,638","67,839,201"
"4","4","Jurassic World: Fallen Kingdom","6/22/2018","Universal","Action","PG-13","$416,769,345","46,462,580"
"5","5","Deadpool 2","5/18/2018","20th Century Fox","Action","R","$318,491,426","35,506,290"
"6","6","Jumanji: Welcome to the Jungle","12/20/2017","Sony Pictures","Adventure","PG-13","$235,506,359","26,254,889"
"7","7","Mission: Impossible—Fallout","7/27/2018","Paramount Pictures","Action","PG-13","$220,159,104","24,543,935"
"8","8","Ant-Man and the Wasp","7/6/2018","Walt Disney","Action","PG-13","$216,648,740","24,152,590"
"9","9","Solo: A Star Wars Story","5/25/2018","Walt Disney","Adventure","PG-13","$213,767,512","23,831,383"
"10","10","Venom","10/5/2018","Sony Pictures","Action","PG-13","$211,890,652","23,622,146"
"11","11","A Star is Born","10/5/2018","Warner Bros.","Drama","R","$191,917,436","21,395,477"
"12","12","A Quiet Place","4/6/2018","Paramount Pictures","Horror","PG-13","$188,024,361","20,961,467"
"13","13","Dr. Seuss’ The Grinch","11/9/2018","Universal","Adventure","PG","$185,779,195","20,711,170"
"14","14","Crazy Rich Asians","8/15/2018","Warner Bros.","Romantic Comedy","PG-13","$173,907,689","19,387,702"
"15","15","Hotel Transylvania 3: Summer Vacation","7/13/2018","Sony Pictures","Adventure","PG","$167,508,127","18,674,261"
"16","16","Halloween","10/19/2018","Universal","Horror","R","$159,136,450","17,740,964"
"17","17","Bohemian Rhapsody","11/2/2018","20th Century Fox","Drama","PG-13","$156,323,150","17,427,329"
"18","18","The Meg","8/10/2018","Warner Bros.","Action","PG-13","$143,005,856","15,942,681"
"19","19","Ocean’s 8","6/8/2018","Warner Bros.","Action","PG-13","$139,377,762","15,538,212"
"20","20","Ready Player One","3/29/2018","Warner Bros.","Adventure","PG-13","$137,018,455","15,275,190"
"21","21","The Greatest Showman","12/20/2017","20th Century Fox","Musical","PG","$125,303,456","13,969,170"
"22","22","Fantastic Beasts: The Crimes of Grindelwald","11/16/2018","Warner Bros.","Adventure","PG-13","$123,141,406","13,728,138"
"23","23","Mamma Mia: Here We Go Again!","7/20/2018","Universal","Musical","PG-13","$120,634,935","13,448,710"
"24","24","The Nun","9/7/2018","Warner Bros.","Horror","R","$117,450,119","13,093,658"
"25","25","Peter Rabbit","2/9/2018","Sony Pictures","Adventure","PG","$115,234,093","12,846,610"
"26","26","Star Wars Ep. VIII: The Last Jedi","12/15/2017","Walt Disney","Adventure","PG-13","$102,963,014","11,478,596"
"27","27","The Equalizer 2","7/20/2018","Sony Pictures","Action","R","$102,084,362","11,380,642"
"28","28","A Wrinkle in Time","3/9/2018","Walt Disney","Adventure","PG","$100,478,608","11,201,628"
"29","29","Fifty Shades Freed","2/9/2018","Universal","Drama","R","$100,407,760","11,193,730"
"30","30","Rampage","4/13/2018","Warner Bros.","Action","PG-13","$99,345,950","11,075,356"
"31","31","Christopher Robin","8/3/2018","Walt Disney","Adventure","PG","$99,215,042","11,060,762"
"32","32","Ralph Breaks The Internet","11/21/2018","Walt Disney","Adventure","PG","$93,538,233","10,427,896"
"33","33","I Can Only Imagine","3/16/2018","Roadside Attractions","Drama","PG","$83,482,352","9,306,839"
"34","34","Smallfoot","9/28/2018","Warner Bros.","Adventure","PG","$81,992,926","9,140,794"
"35","35","The Post","12/22/2017","20th Century Fox","Drama","PG-13","$80,143,337","8,934,597"
"36","36","Night School","9/28/2018","Universal","Comedy","PG-13","$76,898,240","8,572,824"
"37","37","The First Purge","7/4/2018","Universal","Horror","R","$69,086,325","7,701,931"
"38","38","Game Night","2/23/2018","Warner Bros.","Comedy","R","$69,001,013","7,692,420"
"39","39","Book Club","5/18/2018","Paramount Pictures","Comedy","PG-13","$68,566,296","7,643,957"
"40","40","The House with a Clock in its Walls","9/21/2018","Universal","Horror","PG","$68,311,535","7,615,555"
"41","41","Skyscraper","7/13/2018","Universal","Action","PG","$67,796,355","7,558,122"
"42","42","Insidious: The Last Key","1/5/2018","Universal","Horror","PG-13","$67,347,895","7,508,126"
"43","43","Creed II","11/21/2018","MGM","Drama","PG-13","$64,336,284","7,172,383"
"44","44","Blockers","4/6/2018","Universal","Comedy","R","$59,839,515","6,671,071"
"45","45","Pacific Rim: Uprising","3/23/2018","Universal","Action","PG-13","$59,185,715","6,598,184"
"46","46","Maze Runner: The Death Cure","1/26/2018","20th Century Fox","Thriller/Suspense","PG-13","$58,032,443","6,469,614"
"47","47","Tomb Raider","3/16/2018","Warner Bros.","Action","PG-13","$57,421,715","6,401,528"
"48","48","2001: A Space Odyssey","4/2/1968","MGM","Adventure","G","$57,147,963","6,371,010"
"49","49","Tag","6/15/2018","Warner Bros.","Comedy","R","$54,547,470","6,081,100"
"50","50","A Simple Favor","9/14/2018","Lionsgate","Thriller/Suspense","R","$53,548,586","5,969,742"
"51","51","Life of the Party","5/11/2018","Warner Bros.","Comedy","PG-13","$52,856,061","5,892,537"
"52","52","The Predator","9/14/2018","20th Century Fox","Action","R","$51,024,708","5,688,373"
"53","53","Overboard","5/4/2018","Lionsgate","Romantic Comedy","PG-13","$50,316,123","5,609,378"
"54","54","Sicario: Day of the Soldado","6/29/2018","Sony Pictures","Action","R","$50,065,850","5,581,477"
"55","55","The Nutcracker and the Four Realms","11/2/2018","Walt Disney","Adventure","PG","$49,759,909","5,547,370"
"56","56","I Feel Pretty","4/20/2018","STX Entertainment","Comedy","PG-13","$48,795,601","5,439,866"
"57","57","BlacKkKlansman","8/10/2018","Focus Features","Thriller/Suspense","R","$48,271,960","5,381,489"
"58","58","The Shape of Water","12/1/2017","Fox Searchlight","Drama","R","$48,189,258","5,372,269"
"59","59","Red Sparrow","3/2/2018","20th Century Fox","Thriller/Suspense","R","$46,874,505","5,225,697"
"60","60","Goosebumps 2: Haunted Halloween","10/12/2018","Sony Pictures","Horror","PG","$46,489,591","5,182,786"
"61","61","Breaking In","5/11/2018","Universal","Thriller/Suspense","PG-13","$46,383,120","5,170,916"
"62","62","12 Strong","1/19/2018","Warner Bros.","Drama","R","$45,500,164","5,072,482"
"63","63","Den of Thieves","1/19/2018","STX Entertainment","Action","R","$44,947,622","5,010,883"
"64","64","First Man","10/12/2018","Universal","Drama","PG-13","$44,607,615","4,972,978"
"65","65","Hereditary","6/8/2018","A24","Horror","R","$44,069,456","4,912,982"
"66","66","Acrimony","3/30/2018","Lionsgate","Thriller/Suspense","R","$43,549,096","4,854,971"
"67","67","Sherlock Gnomes","3/23/2018","Paramount Pictures","Adventure","PG","$43,242,871","4,820,832"
"68","68","Uncle Drew","6/29/2018","Lionsgate","Comedy","PG-13","$42,469,946","4,734,665"
"69","69","Pitch Perfect 3","12/22/2017","Universal","Comedy","PG-13","$41,596,925","4,637,338"
"70","70","Love, Simon","3/16/2018","20th Century Fox","Drama","PG-13","$40,826,341","4,551,431"
"71","71","Truth or Dare","4/13/2018","Universal","Thriller/Suspense","PG-13","$40,717,020","4,539,244"
"72","72","Paddington 2","1/12/2018","Warner Bros.","Adventure","PG","$40,442,052","4,508,589"
"73","73","Instant Family","11/16/2018","Paramount Pictures","Comedy","PG-13","$38,777,769","4,323,051"
"74","74","Darkest Hour","11/22/2017","Focus Features","Drama","PG-13","$38,310,263","4,270,932"
"75","75","The Commuter","1/12/2018","Lionsgate","Action","PG-13","$36,343,858","4,051,712"
"76","76","The 15:17 to Paris","2/9/2018","Warner Bros.","Drama","PG-13","$36,250,957","4,041,355"
"77","77","Mile 22","8/17/2018","STX Entertainment","Action","R","$36,108,758","4,025,502"
"78","78","Alpha","8/17/2018","Sony Pictures","Adventure","PG-13","$35,851,379","3,996,809"
"79","79","Peppermint","9/7/2018","STX Entertainment","Action","R","$35,418,723","3,948,575"
"80","80","Death Wish","3/2/2018","MGM","Action","R","$34,017,028","3,792,310"
"81","81","The Spy Who Dumped Me","8/3/2018","Lionsgate","Comedy","R","$33,562,069","3,741,590"
"82","82","Annihilation","2/23/2018","Paramount Pictures","Thriller/Suspense","R","$32,732,301","3,649,085"
"83","83","Isle of Dogs","3/23/2018","Fox Searchlight","Comedy","PG-13","$32,015,231","3,569,145"
"84","84","Adrift","6/1/2018","STX Entertainment","Drama","PG-13","$31,445,011","3,505,575"
"85","85","Ferdinand","12/15/2017","20th Century Fox","Adventure","PG","$30,863,663","3,440,765"
"86","86","Nobody’s Fool","11/2/2018","Paramount Pictures","Drama","R","$30,688,059","3,421,188"
"87","87","Super Troopers 2","4/20/2018","20th Century Fox","Comedy","R","$30,617,396","3,413,310"
"88","88","Slender Man","8/10/2018","Sony Pictures","Horror","PG-13","$30,564,825","3,407,449"
"89","89","Three Billboards Outside Ebbing, Missouri","11/10/2017","Fox Searchlight","Black Comedy","R","$30,349,111","3,383,401"
"90","90","Coco","11/22/2017","Walt Disney","Musical","PG","$29,891,816","3,332,420"
"91","91","Hostiles","12/22/2017","Entertainment Studios Motion Pictures","Western","R","$29,733,369","3,314,756"
"92","92","Teen Titans Go! To The Movies","7/27/2018","Warner Bros.","Adventure","PG","$29,562,341","3,295,690"
"93","93","The Hate U Give","10/19/2018","20th Century Fox","Drama","PG-13","$29,016,139","3,234,798"
"94","94","Widows","11/16/2018","20th Century Fox","Thriller/Suspense","R","$28,660,245","3,195,122"
"95","95","I, Tonya","12/8/2017","Neon","Black Comedy","R","$27,663,198","3,083,968"
"96","96","Searching","8/24/2018","Sony Pictures","Thriller/Suspense","PG-13","$26,015,149","2,900,239"
"97","97","Winchester","2/2/2018","CBS Films","Thriller/Suspense","PG-13","$25,091,816","2,797,303"
"98","98","The Strangers: Prey at Night","3/9/2018","Aviron Pictures","Horror","R","$24,431,472","2,723,686"
"99","99","White Boy Rick","9/14/2018","Sony Pictures","Drama","R","$24,004,833","2,676,124"
"100","100","Molly’s Game","12/25/2017","STX Entertainment","Drama","R","$23,403,264","2,609,059"
"101","101","Won’t You Be My Neighbor?","6/8/2018","Focus Features","Documentary","PG-13","$22,609,437","2,520,561"
"102","102","Proud Mary","1/12/2018","Sony Pictures","Action","R","$20,868,638","2,326,492"
"103","103","The Happytime Murders","8/24/2018","STX Entertainment","Black Comedy","R","$20,706,452","2,308,411"
"104","104","Overlord","11/9/2018","Paramount Pictures","Action","R","$20,609,015","2,297,549"
"105","105","Superfly","6/13/2018","Sony Pictures","Action","R","$20,537,137","2,289,535"
"106","106","Phantom Thread","12/25/2017","Focus Features","Drama","R","$20,495,435","2,284,886"
"107","107","Bad Times at the El Royale","10/12/2018","20th Century Fox","Thriller/Suspense","R","$17,820,724","1,986,702"
"108","108","Show Dogs","5/18/2018","Global Road","Comedy","PG","$17,744,685","1,978,225"
"109","109","Operation Finale","8/29/2018","MGM","Drama","PG-13","$17,612,099","1,963,444"
"110","110","Paul, Apostle of Christ","3/23/2018","Sony Pictures","Drama","PG-13","$17,547,999","1,956,298"
"111","111","Lady Bird","11/3/2017","A24","Drama","R","$17,525,810","1,953,824"
"112","112","Sorry to Bother You","7/6/2018","Annapurna Pictures","Comedy","R","$17,493,096","1,950,177"
"113","113","Chappaquiddick","4/6/2018","Entertainment Studios Motion Pictures","Thriller/Suspense","PG-13","$17,395,521","1,939,299"
"114","114","Robin Hood","11/21/2018","Lionsgate","Action","PG-13","$17,027,682","1,898,292"
"115","115","Forever My Girl","1/19/2018","Roadside Attractions","Drama","PG","$16,376,066","1,825,648"
"116","116","Hunter Killer","10/26/2018","Lionsgate","Thriller/Suspense","R","$15,767,460","1,757,799"
"117","117","The Girl in the Spider’s Web","11/9/2018","Sony Pictures","Thriller/Suspense","R","$14,578,647","1,625,267"
"118","118","RBG","5/4/2018","Magnolia Pictures","Documentary","PG","$14,017,361","1,562,693"
"119","119","Eighth Grade","7/13/2018","A24","Drama","R","$13,539,710","1,509,443"
"120","120","Call Me by Your Name","11/24/2017","Sony Pictures Classics","Drama","R","$13,158,311","1,466,924"
"121","121","The Darkest Minds","8/3/2018","20th Century Fox","Thriller/Suspense","PG-13","$12,695,691","1,415,350"
"122","122","All the Money in the World","12/25/2017","Sony Pictures","Thriller/Suspense","R","$12,393,945","1,381,710"
"123","123","Three Identical Strangers","6/29/2018","Neon","Documentary","PG-13","$12,320,845","1,373,561"
"124","124","Upgrade","6/1/2018","BH Tilt","Thriller/Suspense","R","$11,871,365","1,323,452"
"125","125","Padmavati","1/25/2018","Paramount Pictures","Drama","Not Rated","$11,846,060","1,320,630"
"126","126","Hell Fest","9/28/2018","CBS Films","Horror","R","$11,107,431","1,238,286"
"127","127","Wonder","11/17/2017","Lionsgate","Drama","PG","$10,863,515","1,211,094"
"128","128","The Old Man and the Gun","9/28/2018","Fox Searchlight","Comedy","PG-13","$10,841,749","1,208,667"
"129","129","The Miracle Season","4/6/2018","LD Entertainment","Drama","PG","$10,230,620","1,140,537"
"130","130","Green Book","11/21/2018","Universal","Drama","PG-13","$10,114,491","1,127,590"
"131","131","Free Solo","9/28/2018","Greenwich","Documentary","PG-13","$9,827,493","1,095,595"
"132","132","Midnight Sun","3/23/2018","Global Road","Drama","PG-13","$9,561,064","1,065,893"
"133","133","Tully","5/4/2018","Focus Features","Comedy","R","$9,227,130","1,028,665"
"134","134","Traffik","4/20/2018","Lionsgate","Thriller/Suspense","R","$9,186,156","1,024,097"
"135","135","Unfriended: Dark Web","7/20/2018","OTL Releasing","Horror","R","$8,783,985","979,262"
"136","136","Early Man","2/16/2018","Lionsgate","Adventure","PG","$8,267,544","921,688"
"137","137","The Death of Stalin","3/9/2018","IFC Films","Black Comedy","R","$8,041,828","896,524"
"138","138","The Wife","8/17/2018","Sony Pictures Classics","Drama","R","$7,784,428","867,829"
"139","139","Unsane","3/23/2018","Bleecker Street","Thriller/Suspense","R","$7,690,044","857,307"
"140","140","Downsizing","12/22/2017","Paramount Pictures","Comedy","R","$7,289,080","812,606"
"141","141","Mid90s","10/19/2018","A24","Drama","R","$7,288,628","812,556"
"142","142","Beautiful Boy","10/12/2018","Amazon Studios","Drama","R","$7,088,168","790,208"
"143","143","Dog Days","8/8/2018","LD Entertainment","Romantic Comedy","PG","$6,809,080","759,094"
"144","144","Hotel Artemis","6/8/2018","Global Road","Thriller/Suspense","R","$6,708,137","747,841"
"145","145","A.X.L.","8/24/2018","Global Road","Drama","PG","$6,501,381","724,791"
"146","146","Fahrenheit 11/9","9/21/2018","Briarcliffe Entertainment","Documentary","R","$6,352,306","708,172"
"147","147","Can You Ever Forgive Me?","10/19/2018","Fox Searchlight","Drama","R","$6,241,770","695,849"
"148","148","Unbroken: Path to Redemption","9/14/2018","Pure Flix Entertainment","Drama","PG-13","$6,216,488","693,030"
"149","149","The Hurricane Heist","3/9/2018","Entertainment Studios Motion Pictures","Thriller/Suspense","PG-13","$6,115,824","681,808"
"150","150","Every Day","2/23/2018","Orion Pictures","Drama","PG-13","$6,112,914","681,484"
"151","151","Leave No Trace","6/29/2018","Bleecker Street","Drama","PG","$6,046,104","674,036"
"152","152","Death of a Nation","8/3/2018","Quality Flix","Documentary","PG-13","$5,885,881","656,174"
"153","153","God’s Not Dead: A Light in Darkness","3/30/2018","Pure Flix Entertainment","Drama","PG","$5,728,940","638,677"
"154","154","Kin","8/31/2018","Lionsgate","Action","PG-13","$5,718,096","637,468"
"155","155","Colette","9/21/2018","Bleecker Street","Drama","R","$5,126,985","571,570"
"156","156","Action Point","6/1/2018","Paramount Pictures","Comedy","R","$5,059,608","564,058"
"157","157","Beirut","4/11/2018","Bleecker Street","Action","R","$5,019,226","559,556"
"158","158","Boy Erased","11/2/2018","Focus Features","Drama","R","$4,992,437","556,570"
"159","159","Gringo","3/9/2018","STX Entertainment","Black Comedy","R","$4,969,853","554,052"
"160","160","Samson","2/16/2018","Pure Flix Entertainment","Drama","PG-13","$4,719,928","526,190"
"161","161","Father Figures","12/22/2017","Warner Bros.","Comedy","R","$4,615,957","514,599"
"162","162","Blindspotting","7/20/2018","Lionsgate","Drama","R","$4,333,394","483,098"
"163","163","Gotti","6/15/2018","Vertical Entertainment","Drama","R","$4,286,367","477,855"
"164","164","Johnny English Strikes Again","10/26/2018","Focus Features","Comedy","PG","$4,285,545","477,764"
"165","165","Ya Veremos","8/31/2018","Lionsgate","Drama","PG-13","$4,165,949","464,431"
"166","166","Life Itself","9/21/2018","Amazon Studios","Drama","R","$4,095,431","456,569"
"167","167","Thor: Ragnarok","11/3/2017","Walt Disney","Action","PG-13","$3,833,139","427,328"
"168","168","Gosnell: The Trial of America's Biggest Serial Killer","10/12/2018","GVN Releasing","","PG-13","$3,653,198","407,268"
"169","169","2018 Oscar Shorts","2/9/2018","ShortsHD","Multiple Genres","Not Rated","$3,508,777","391,168"
"170","170","Indivisible","10/26/2018","Pure Flix Entertainment","Drama","PG-13","$3,488,575","388,915"
"171","171","Disobedience","4/27/2018","Bleecker Street","Drama","R","$3,480,702","388,038"
"172","172","Justice League","11/17/2017","Warner Bros.","Action","PG-13","$3,478,000","387,736"
"173","173","First Reformed","5/18/2018","A24","Thriller/Suspense","R","$3,448,256","384,420"
"174","174","Juliet, Naked","8/17/2018","Roadside Attractions","Romantic Comedy","R","$3,444,895","384,046"
"175","175","Bad Samaritan","5/4/2018","Electric Entertainment","Thriller/Suspense","R","$3,424,744","381,799"
"176","176","The Disaster Artist","12/1/2017","A24","Comedy","R","$3,258,821","363,302"
"177","177","The Leisure Seeker","3/9/2018","Sony Pictures Classics","Drama","R","$3,224,126","359,434"
"178","178","7 Days in Entebbe","3/16/2018","Focus Features","Thriller/Suspense","PG-13","$3,189,220","355,542"
"179","179","The Sisters Brothers","9/21/2018","Annapurna Pictures","Western","R","$3,122,669","348,123"
"180","180","Sgt. Stubby: An American Hero","4/13/2018","Fun Academy Motion Pictures","Adventure","PG","$3,054,285","340,500"
"181","181","Whitney","7/6/2018","Roadside Attractions","Documentary","R","$3,026,558","337,408"
"182","182","Pandas","4/6/2018","IMAX Films","Documentary","G","$2,892,597","322,474"
"183","183","American Animals","6/1/2018","The Orchard","Thriller/Suspense","R","$2,853,526","318,118"
"184","184","God Bless the Broken Road","9/7/2018","Freestyle Releasing","Drama","PG","$2,846,258","317,308"
"185","185","Thoroughbreds","3/9/2018","Focus Features","Drama","R","$2,830,775","315,582"
"186","186","La Boda de Valentina","2/9/2018","Lionsgate","Romantic Comedy","R","$2,783,739","310,338"
"187","187","Bharat Ane Nenu","4/20/2018","Great India Films","Thriller/Suspense","Not Rated","$2,663,090","296,888"
"188","188","You Were Never Really Here","4/6/2018","Amazon Studios","Drama","R","$2,523,610","281,338"
"189","189","Mary and the Witch’s Flower","1/19/2018","GKIDS","Adventure","PG","$2,418,404","269,610"
"190","190","The Rider","4/13/2018","Sony Pictures Classics","Drama","R","$2,411,353","268,824"
"191","191","Hearts Beat Loud","6/8/2018","Gunpowder & Sky","Drama","PG-13","$2,386,254","266,026"
"192","192","Suspiria","10/26/2018","Amazon Studios","Horror","R","$2,366,096","263,778"
"193","193","Papillon","8/24/2018","Bleecker Street","Drama","R","$2,335,896","260,412"
"194","194","Daddy’s Home 2","11/10/2017","Paramount Pictures","Comedy","PG-13","$2,238,062","249,505"
"195","195","Murder on the Orient Express","11/10/2017","20th Century Fox","Drama","PG-13","$2,206,919","246,033"
"196","196","Puzzle","7/27/2018","Sony Pictures Classics","Drama","R","$2,031,242","226,448"
"197","197","A Fantastic Woman","2/2/2018","Sony Pictures Classics","Drama","R","$2,019,554","225,145"
"198","198","Pope Francis—A Man of His Word","5/18/2018","Focus Features","Documentary","PG","$2,008,385","223,900"
"199","199","Assassination Nation","9/21/2018","Neon","Thriller/Suspense","R","$2,005,142","223,538"
"200","200","Detective Chinatown 2","2/16/2018","Warner Bros.","Action","R","$1,983,984","221,179"
"201","201","Dunkirk","7/21/2017","Warner Bros.","Action","PG-13","$1,695,119","188,976"
"202","202","Padman","2/9/2018","Sony Pictures","Comedy","PG-13","$1,662,927","185,387"
"203","203","The Bookshop","8/24/2018","Greenwich","Drama","PG","$1,600,786","178,459"
"204","204","Operation Red Sea","2/23/2018","Well Go USA","Action","Not Rated","$1,543,547","172,078"
"205","205","A Private War","11/2/2018","Aviron Pictures","Drama","R","$1,468,107","163,668"
"206","206","Don’t Worry, He Won’t Get Far on Foot","7/13/2018","Amazon Studios","Drama","R","$1,441,705","160,725"
"207","207","Finding Your Feet","3/30/2018","Roadside Attractions","Comedy","PG-13","$1,418,682","158,158"
"208","208","Little Women","9/28/2018","Pinnacle Peak","Drama","PG-13","$1,379,497","153,790"
"209","209","The Front Runner","11/6/2018","Sony Pictures","Drama","R","$1,357,318","151,317"
"210","210","102 Not Out","5/4/2018","Sony Pictures","Comedy","PG","$1,339,909","149,376"
"211","211","Baaghi 2","3/30/2018","FIP","Action","Not Rated","$1,319,579","147,110"
"212","212","Along With The Gods: The Two Worlds","12/22/2017","Well Go USA","Action","Not Rated","$1,266,947","141,242"
"213","213","McQueen","7/20/2018","Bleecker Street","Documentary","R","$1,257,275","140,164"
"214","214","The Seagull","5/11/2018","Sony Pictures Classics","Drama","PG-13","$1,252,960","139,683"
"215","215","Beautifully Broken","8/24/2018","ArtAffects","Drama","PG-13","$1,209,645","134,854"
"216","216","Lean on Pete","4/6/2018","A24","Drama","R","$1,163,056","129,660"
"217","217","Raid","3/16/2018","Eros Entertainment","Drama","Not Rated","$1,010,385","112,640"
"218","218","The Insult","1/12/2018","Cohen Media Group","Drama","R","$1,000,038","111,486"
"219","219","Yellow Submarine","11/13/1968","United Artists","Musical","G","$993,385","110,745"
"220","220","Tiger Zinda Hai","12/22/2017","Yash Raj Films","Action","Not Rated","$988,690","110,221"
"221","221","Film Stars Don’t Die in Liverpool","12/29/2017","Sony Pictures Classics","Drama","R","$979,074","109,149"
"222","222","The Miseducation of Cameron Post","8/3/2018","FilmRise","Drama","Not Rated","$905,111","100,904"
"223","223","The Star","11/17/2017","Sony Pictures","Adventure","PG","$884,046","98,555"
"224","224","Wildlife","10/19/2018","IFC Films","Drama","PG-13","$876,450","97,709"
"225","225","The Cakemaker","6/29/2018","Strand","Drama","Not Rated","$874,584","97,501"
"226","226","Beast","5/11/2018","Roadside Attractions","Drama","R","$800,365","89,226"
"227","227","1945","11/1/2017","Menemsha Entertainment","Drama","Not Rated","$760,602","84,793"
"228","228","The Party","2/16/2018","Roadside Attractions","Drama","R","$749,827","83,592"
"229","229","On Chesil Beach","5/18/2018","Bleecker Street","Drama","R","$745,972","83,162"
"230","230","Walk with me","7/18/2017","Gathr Films","Documentary","Not Rated","$726,593","81,002"
"231","231","The Catcher Was A Spy","6/22/2018","IFC Films","Drama","R","$714,205","79,621"
"232","232","The Little Stranger","8/31/2018","Focus Features","Drama","R","$713,143","79,503"
"233","233","Monster Hunt 2","2/16/2018","Lionsgate","Adventure","Not Rated","$706,153","78,723"
"234","234","Boundaries","6/22/2018","Sony Pictures Classics","Drama","R","$701,828","78,241"
"235","235","Blaze","8/17/2018","IFC Films","Drama","R","$699,114","77,939"
"236","236","Maria by Callas","11/2/2018","Sony Pictures Classics","Documentary","PG","$685,741","76,448"
"237","237","Nothing to Lose","5/10/2018","Swen Group","Drama","PG","$679,531","75,755"
"238","238","Bombshell: The Hedy Lamarr Story","11/24/2017","Zeitgeist","Documentary","Not Rated","$664,289","74,056"
"239","239","Ex Files 3: Return of the Exes","12/29/2017","China Lion Film Distribution","Comedy","Not Rated","$656,871","73,229"
"240","240","Lizzie","9/14/2018","Roadside Attractions","Drama","R","$642,157","71,589"
"241","241","Itzhak","3/9/2018","Greenwich","Documentary","Not Rated","$618,626","68,966"
"242","242","Foxtrot","3/2/2018","Sony Pictures Classics","Drama","R","$617,972","68,893"
"243","243","The Florida Project","10/6/2017","A24","Drama","R","$607,067","67,677"
"244","244","Marshall","10/13/2017","Open Road","Drama","PG-13","$583,341","65,032"
"245","245","The Favourite","11/23/2018","Fox Searchlight","Drama","R","$574,310","64,025"
"246","246","Loveless","2/16/2018","Sony Pictures Classics","Drama","R","$564,073","62,884"
"247","247","Get Out","2/24/2017","Universal","Horror","R","$556,525","62,042"
"248","248","Fireworks","7/3/2018","Fathom Events","Drama","Not Rated","$525,280","58,559"
"249","249","Monsters and Men","9/28/2018","Neon","Drama","R","$500,101","55,752"
"250","250","Border","10/26/2018","Neon","Thriller/Suspense","R","$494,325","55,108"
"251","251","Bilal: A New Breed of Hero","2/2/2018","Vertical Entertainment","Adventure","PG-13","$490,973","54,735"
"252","252","At Eternity’s Gate","11/16/2018","CBS Films","Drama","PG-13","$489,584","54,580"
"253","253","Loving Vincent","9/22/2017","Good Deed Entertainment","Drama","PG-13","$465,429","51,887"
"254","254","Final Portrait","3/23/2018","Sony Pictures Classics","Drama","R","$460,859","51,377"
"255","255","The Children Act","9/14/2018","A24","Drama","R","$457,803","51,037"
"256","256","The Happy Prince","10/10/2018","Sony Pictures Classics","Drama","R","$450,699","50,245"
"257","257","Condorito: The Movie","1/12/2018","Lionsgate","Adventure","PG","$447,719","49,912"
"258","258","A Bag of Marbles","3/23/2018","Self Distributed","Drama","PG","$409,862","45,692"
"259","259","The Night is Short, Walk on Girl","8/21/2018","GKIDS","Romantic Comedy","Not Rated","$406,490","45,316"
"260","260","The Oath","10/12/2018","Roadside Attractions","Black Comedy","R","$401,464","44,756"
"261","261","We The Animals","8/17/2018","The Orchard","Drama","R","$400,746","44,676"
"262","262","The Gospel According to Andre","5/25/2018","Magnolia Pictures","Documentary","PG-13","$400,713","44,672"
"263","263","Leaning into the Wind","3/9/2018","Magnolia Pictures","Documentary","PG","$400,530","44,652"
"264","264","Blade Runner 2049","10/6/2017","Warner Bros.","Thriller/Suspense","R","$399,647","44,553"
"265","265","Burning","10/26/2018","Well Go USA","Thriller/Suspense","Not Rated","$398,483","44,423"
"266","266","Soorma","7/13/2018","Sony Pictures","Drama","PG-13","$382,104","42,597"
"267","267","Oh Lucy!","3/2/2018","Film Movement","Comedy","Not Rated","$375,393","41,849"
"268","268","Grace Jones: Bloodlight and Bami","4/13/2018","Kino Lorber","Documentary","Not Rated","$375,208","41,829"
"269","269","Believer","6/8/2018","Well Go USA","Thriller/Suspense","Not Rated","$365,639","40,762"
"270","270","Mountain","5/11/2018","Greenwich","Documentary","PG","$364,429","40,627"
"271","271","Faces, Places","10/6/2017","Cohen Media Group","Documentary","PG","$347,796","38,773"
"272","272","Shine","10/5/2018","GVN Releasing","Drama","R","$333,388","37,167"
"273","273","Flower","3/16/2018","The Orchard","Drama","R","$328,188","36,587"
"274","274","Youth","12/15/2017","China Lion Film Distribution","Drama","Not Rated","$312,241","34,809"
"275","275","In The Fade","12/27/2017","Magnolia Pictures","Drama","R","$310,556","34,621"
"276","276","Damsel","6/22/2018","Magnolia Pictures","Western","R","$305,136","34,017"
"277","277","But Deliver Us From Evil","2/9/2018","Indican Pictures","Horror","Not Rated","$285,169","31,791"
"278","278","The Square","10/27/2017","Magnolia Pictures","Drama","R","$278,921","31,094"
"279","279","Kings","4/27/2018","The Orchard","Drama","R","$274,320","30,581"
"280","280","The Endless","4/6/2018","Well Go USA","Thriller/Suspense","Not Rated","$272,020","30,325"
"281","281","Science Fair","9/14/2018","National Geographic Entertainment","Documentary","PG","$269,810","30,079"
"282","282","The King","6/22/2018","Oscilloscope Pictures","Documentary","R","$259,291","28,906"
"283","283","What They Had","10/19/2018","Bleecker Street","Drama","R","$257,869","28,747"
"284","284","Back to Burgundy","3/23/2018","Music Box Films","Drama","Not Rated","$257,610","28,719"
"285","285","London Fields","10/26/2018","GVN Releasing","Thriller/Suspense","R","$252,676","28,169"
"286","286","Generation Wealth","7/20/2018","Amazon Studios","Documentary","R","$237,709","26,500"
"287","287","Skate Kitchen","8/10/2018","Magnolia Pictures","Drama","R","$236,799","26,398"
"288","288","Meditation Park","3/9/2018","Mongrel Media","Drama","Not Rated","$235,849","26,293"
"289","289","Borg vs McEnroe","4/13/2018","Neon","Drama","R","$231,346","25,791"
"290","290","Happy End","12/22/2017","Sony Pictures Classics","Drama","R","$230,054","25,647"
"291","291","MFKZ","10/11/2018","GKIDS","Adventure","R","$229,423","25,576"
"292","292","Jane","10/20/2017","Abramorama Films","Documentary","PG","$220,790","24,614"
"293","293","A Bad Moms Christmas","11/1/2017","STX Entertainment","Comedy","R","$218,671","24,378"
"294","294","Dark Money","7/13/2018","PBS Distribution","Documentary","Not Rated","$217,932","24,295"
"295","295","Getting Grace","3/23/2018","Hannover House","Comedy","PG-13","$217,812","24,282"
"296","296","Agent Mr. Chan","2/23/2018","China Lion Film Distribution","Comedy","Not Rated","$208,351","23,227"
"297","297","Keep The Change","3/16/2018","Kino Lorber","Romantic Comedy","Not Rated","$202,788","22,607"
"298","298","Gemini","3/30/2018","Neon","Thriller/Suspense","R","$200,340","22,334"
"299","299","Zama","4/13/2018","Strand","Action","Not Rated","$200,181","22,316"
"300","300","Little Pink House","4/20/2018","Dada Films","Drama","Not Rated","$199,069","22,192"
"301","301","The Guilty","10/19/2018","Magnolia Pictures","Thriller/Suspense","R","$195,139","21,754"
"302","302","The Final Year","1/19/2018","Magnolia Pictures","Documentary","Not Rated","$191,900","21,393"
"303","303","The Monkey King 3: Kingdom of Women","2/16/2018","Well Go USA","Action","Not Rated","$187,074","20,855"
"304","304","Goldbuster","1/5/2018","Well Go USA","Comedy","Not Rated","$186,135","20,750"
"305","305","Summer 1993","5/25/2018","Oscilloscope Pictures","Drama","Not Rated","$185,903","20,724"
"306","306","Jane and Emma","10/12/2018","Excel Entertainment","Drama","PG","$184,795","20,601"
"307","307","The Guardians","5/4/2018","Music Box Films","Drama","R","$177,331","19,769"
"308","308","Always at the Carlyle","5/11/2018","Good Deed Entertainment","Documentary","PG-13","$174,251","19,425"
"309","309","Double Lover","2/14/2018","Cohen Media Group","Drama","Not Rated","$167,093","18,627"
"310","310","Boom for Real: The Late Teenage Years of Jean-Michel Basquiat","5/11/2018","Magnolia Pictures","Documentary","Not Rated","$166,616","18,574"
"311","311","Only the Brave","10/20/2017","Sony Pictures","Drama","PG-13","$158,763","17,699"
"312","312","Bad Reputation","9/28/2018","Magnolia Pictures","Documentary","R","$148,568","16,562"
"313","313","Journey’s End","3/16/2018","Good Deed Entertainment","Drama","R","$148,275","16,530"
"314","314","Ghost Stories","4/20/2018","IFC Midnight","Horror","Not Rated","$135,095","15,060"
"315","315","Shoplifters","11/23/2018","Magnolia Pictures","Drama","R","$132,260","14,744"
"316","316","Eating Animals","6/15/2018","Sundance Selects","Documentary","Not Rated","$130,608","14,560"
"317","317","Support The Girls","8/24/2018","Magnolia Pictures","Comedy","R","$129,124","14,395"
"318","318","The Young Karl Marx","2/23/2018","The Orchard","Drama","Not Rated","$125,659","14,008"
"319","319","Geostorm","10/20/2017","Warner Bros.","Action","PG-13","$121,378","13,531"
"320","320","Till the End of the World","2/2/2018","China Lion Film Distribution","Adventure","Not Rated","$118,352","13,194"
"321","321","Ryuichi Sakamoto: Coda","7/6/2018","MUBI","Documentary","Not Rated","$117,460","13,094"
"322","322","‘85 The Greatest Team in Football History","1/29/2018","Fathom Events","Documentary","Not Rated","$115,463","12,872"
"323","323","Gonjiam: Haunted Asylum","4/13/2018","Well Go USA","Horror","Not Rated","$115,252","12,848"
"324","324","Bodied","11/2/2018","Independent Artists","Comedy","R","$113,956","12,704"
"325","325","Love After Love","3/30/2018","IFC Films","Drama","Not Rated","$113,074","12,605"
"326","326","Roman J. Israel, Esq.","11/17/2017","Sony Pictures","Drama","PG-13","$111,438","12,423"
"327","327","Lu Over The Wall","5/11/2018","GKIDS","Adventure","PG","$110,168","12,281"
"328","328","In Between","1/5/2018","Film Movement","Drama","Not Rated","$107,977","12,037"
"329","329","Love, Cecil","6/29/2018","Zeitgeist","Documentary","Not Rated","$106,057","11,823"
"330","330","Detective K: Secret of the Living Dead","2/16/2018","Well Go USA","Comedy","Not Rated","$104,012","11,595"
"331","331","Ismael’s Ghost","3/23/2018","Magnolia Pictures","Thriller/Suspense","R","$102,510","11,428"
"332","332","The Man Who Invented Christmas","11/22/2017","Bleecker Street","Adventure","PG","$100,351","11,187"
"333","333","All About Nina","9/28/2018","The Orchard","Drama","R","$100,335","11,185"
"334","334","Revenge","5/11/2018","Neon","Action","R","$99,197","11,058"
"335","335","Champion","5/11/2018","Well Go USA","Drama","Not Rated","$97,470","10,866"
"336","336","Mary Shelley","5/25/2018","IFC Films","Drama","PG-13","$97,321","10,849"
"337","337","Wonder Wheel","12/1/2017","Amazon Studios","Drama","PG-13","$96,631","10,772"
"338","338","Wings of Desire (1987) (Re-Release)","10/19/2018","Janus Films","Drama","PG-13","$92,741","10,339"
"339","339","The Breadwinner","11/17/2017","GKIDS","Drama","PG-13","$92,074","10,264"
"340","340","John McEnroe: In the Realm of Perfection","8/22/2018","Oscilloscope Pictures","Documentary","Not Rated","$90,964","10,140"
"341","341","The Third Murder","7/20/2018","Film Movement","Thriller/Suspense","Not Rated","$89,315","9,957"
"342","342","Nostalgia","2/16/2018","Bleecker Street","Drama","R","$86,301","9,621"
"343","343","Sweet Country","4/6/2018","Samuel Goldwyn Films","Western","R","$85,556","9,538"
"344","344","How to Talk to Girls at Parties","5/25/2018","A24","Comedy","R","$84,809","9,454"
"345","345","Custody","6/29/2018","Kino Lorber","Drama","Not Rated","$83,882","9,351"
"346","346","Claire’s Camera","3/9/2018","Cinema Guild","Drama","Not Rated","$83,418","9,299"
"347","347","Godard Mon Amour","4/20/2018","Cohen Media Group","Drama","R","$82,264","9,171"
"348","348","Have a Nice Day","1/26/2018","Strand","Comedy","Not Rated","$79,326","8,843"
"349","349","On The Seventh Day","6/8/2018","Cinema Guild","Drama","Not Rated","$78,270","8,725"
"350","350","The Riot Act","9/14/2018","Hannover House","Thriller/Suspense","PG-13","$75,506","8,417"
"351","351","Tehran Taboo","2/14/2018","Kino Lorber","Drama","Not Rated","$74,758","8,334"
"352","352","The Last Suit","9/21/2018","Outsider","Drama","Not Rated","$73,548","8,199"
"353","353","Nico, 1988","8/1/2018","Magnolia Pictures","Drama","R","$73,304","8,172"
"354","354","Bye Bye Germany","4/13/2018","Film Movement","Drama","Not Rated","$72,366","8,067"
"355","355","Wastelander","1/12/2018","Indican Pictures","Action","Not Rated","$70,045","7,808"
"356","356","Parchi","1/12/2018","Atlas Distribution","Comedy","Not Rated","$69,431","7,740"
"357","357","Tom of Finland","10/13/2017","Kino Lorber","Drama","Not Rated","$69,409","7,737"
"358","358","Outside In","3/30/2018","The Orchard","Drama","Not Rated","$68,492","7,635"
"359","359","Where Hands Touch","9/14/2018","Vertical Entertainment","Drama","PG-13","$67,743","7,552"
"360","360","Under the Tree","7/6/2018","Magnolia Pictures","Black Comedy","Not Rated","$67,596","7,535"
"361","361","The Doctor From India","4/20/2018","Zeitgeist","Documentary","Not Rated","$67,136","7,484"
"362","362","Beuys","1/17/2018","Kino Lorber","Documentary","Not Rated","$65,410","7,292"
"363","363","My Friend Dahmer","11/3/2017","FilmRise","Drama","R","$64,972","7,243"
"364","364","Nancy","6/8/2018","Samuel Goldwyn Films","Thriller/Suspense","Not Rated","$64,011","7,136"
"365","365","The Gardener","3/30/2018","Gravitas Ventures","Documentary","Not Rated","$62,734","6,993"
"366","366","Never Goin’ Back","8/3/2018","A24","Comedy","R","$61,271","6,830"
"367","367","Viper Club","10/26/2018","Roadside Attractions","Drama","R","$60,607","6,756"
"368","368","Where is Kyra?","4/6/2018","Great Point Media","Drama","R","$59,717","6,657"
"369","369","Bomb City","2/9/2018","Gravitas Ventures","Drama","Not Rated","$59,329","6,614"
"370","370","Westwood: Punk, Icon, Activist","6/8/2018","Greenwich","Documentary","Not Rated","$58,799","6,555"
"371","371","In Search of Greatness","11/2/2018","Self Distributed","Documentary","PG-13","$58,090","6,476"
"372","372","Woman Walks Ahead","6/29/2018","A24","Western","R","$57,528","6,413"
"373","373","Ramen Heads","3/16/2018","Gunpowder & Sky","Documentary","Not Rated","$57,346","6,393"
"374","374","Django","1/5/2018","Under the Milky Way","Documentary","Not Rated","$56,556","6,305"
"375","375","Island of Lemurs: Madagascar","4/4/2014","Warner Bros.","Documentary","G","$56,381","6,285"
"376","376","The Great Silence (1969) (Re-Release)","3/30/2018","Film Movement","Western","Not Rated","$53,074","5,916"
"377","377","Wanda (1971) (Re-Release)","7/20/2018","Janus Films","Drama","GP","$52,927","5,900"
"378","378","Before We Vanish","2/2/2018","Super LTD","Drama","R","$52,087","5,806"
"379","379","Black 47","9/28/2018","IFC Films","Drama","R","$50,037","5,578"
"380","380","The China Hustle","3/30/2018","Magnolia Pictures","Documentary","R","$48,650","5,423"
"381","381","Big Sonia","11/17/2017","Argot Pictures","Documentary","Not Rated","$46,704","5,206"
"382","382","Bigger","10/12/2018","Freestyle Releasing","Drama","PG-13","$46,382","5,170"
"383","383","Summer in the Forest","3/23/2018","Abramorama Films","Documentary","Not Rated","$45,542","5,077"
"384","384","Wait For Your Laugh","11/3/2017","Vitagraph Films","Documentary","Not Rated","$45,037","5,020"
"385","385","A Kid Like Jake","6/1/2018","IFC Films","Drama","R","$44,824","4,997"
"386","386","Hale County This Morning, This Evening","9/14/2018","Cinema Guild","Documentary","Not Rated","$44,796","4,993"
"387","387","The Other Side of Hope","12/1/2017","Janus Films","Comedy","Not Rated","$43,509","4,850"
"388","388","The Sacrifice","11/7/2014","Kino Lorber","Drama","Not Rated","$42,789","4,770"
"389","389","Western","2/16/2018","Cinema Guild","Drama","Not Rated","$41,042","4,575"
"390","390","Submission","3/2/2018","Great Point Media","Drama","R","$39,985","4,457"
"391","391","Namiya","1/5/2018","China Lion Film Distribution","Drama","Not Rated","$39,584","4,412"
"392","392","Humor Me","1/12/2018","Shout! Factory","Comedy","Not Rated","$38,419","4,283"
"393","393","Gray Matter","5/18/2018","Indican Pictures","Horror","Not Rated","$38,034","4,240"
"394","394","The Heart of Nuba","4/6/2018","Abramorama Films","Documentary","Not Rated","$37,880","4,222"
"395","395","Golden Exits","2/9/2018","Sony Pictures","Drama","R","$37,801","4,214"
"396","396","Krystal","4/13/2018","Paladin","Drama","R","$37,516","4,182"
"397","397","Girls vs. Gangsters","3/9/2018","Well Go USA","Comedy","Not Rated","$37,115","4,137"
"398","398","Rodin","6/1/2018","Cohen Media Group","Drama","Not Rated","$36,720","4,093"
"399","399","Mind Game (2004)","2/16/2018","GKIDS","Adventure","Not Rated","$36,613","4,081"
"400","400","Racer and the Jailbird","5/4/2018","Neon","Drama","R","$36,522","4,071"
"401","401","Le Corbeau","2/23/1948","Westport International","Drama","Not Rated","$36,089","4,023"
"402","402","The Big Bad Fox & Other Tales","10/19/2018","GKIDS","Comedy","G","$35,787","3,989"
"403","403","The Road Movie","1/19/2018","Oscilloscope Pictures","Documentary","Not Rated","$35,757","3,986"
"404","404","24 Frames: Before and After Lumiere","2/2/2018","Janus Films","Drama","Not Rated","$34,483","3,844"
"405","405","No Date, No Signature","8/1/2018","Distrib Films","Drama","Not Rated","$33,879","3,776"
"406","406","God’s Own Country","10/25/2017","Samuel Goldwyn Films","Drama","Not Rated","$32,808","3,657"
"407","407","Soller’s Point","5/11/2018","Oscilloscope Pictures","Drama","R","$32,608","3,635"
"408","408","Just Getting Started","12/8/2017","Broad Green Pictures","Comedy","PG-13","$32,608","3,635"
"409","409","BPM (Beats per Minute)","10/20/2017","The Orchard","Drama","Not Rated","$32,562","3,630"
"410","410","Saving Brinton","9/22/2017","Barn Owl","Documentary","Not Rated","$31,630","3,526"
"411","411","Young Lions of Gypsy","1/19/2018","IFC Films","Drama","Not Rated","$30,988","3,454"
"412","412","Good Manners","7/27/2018","Distrib Films","Horror","Not Rated","$30,925","3,447"
"413","413","Poor Boy","7/13/2018","Indican Pictures","Western","Not Rated","$30,820","3,435"
"414","414","Cold Water","4/27/2018","Janus Films","Drama","Not Rated","$30,209","3,367"
"415","415","Memories of Underdevelopment (1968) (Re-Release)","1/12/2018","Janus Films","Drama","Not Rated","$29,647","3,305"
"416","416","Same Kind of Different as Me","10/20/2017","Pure Flix Entertainment","Drama","PG-13","$29,599","3,299"
"417","417","Belle de Jour","4/10/1968","Miramax","Drama","R","$26,331","2,935"
"418","418","The Misandrists","5/25/2018","Cartilage Films","Comedy","Not Rated","$26,123","2,912"
"419","419","Ridge Runners","1/19/2018","Indican Pictures","Drama","Not Rated","$26,019","2,900"
"420","420","Birdboy: The Forgotten Children","12/15/2017","GKIDS","Horror","Not Rated","$25,628","2,857"
"421","421","The Day After","5/11/2018","Cinema Guild","Drama","Not Rated","$24,776","2,762"
"422","422","Vazante","1/12/2018","Music Box Films","Drama","Not Rated","$23,884","2,662"
"423","423","Death House","3/2/2018","Hannover House","Horror","R","$23,833","2,656"
"424","424","The Divine Order","10/27/2017","Kino Lorber","Drama","Not Rated","$23,797","2,652"
"425","425","Let There Be Light","10/27/2017","Atlas Distribution","Drama","PG-13","$23,403","2,609"
"426","426","The Judge","4/13/2018","Idle Wild Films","Documentary","Not Rated","$22,257","2,481"
"427","427","Half the Picture","6/8/2018","Gravitas Ventures","Documentary","Not Rated","$21,595","2,407"
"428","428","The Happys","3/16/2018","Indican Pictures","Comedy","Not Rated","$21,108","2,353"
"429","429","The Workshop","3/23/2018","Strand","Drama","Not Rated","$20,590","2,295"
"430","430","The Devil and Father Amorth","4/20/2018","The Orchard","Documentary","Not Rated","$20,449","2,279"
"431","431","The Cured","2/23/2018","IFC Films","Horror","R","$20,261","2,258"
"432","432","Apocalypsis","3/2/2018","Indican Pictures","Thriller/Suspense","Not Rated","$20,052","2,235"
"433","433","Eight Hours Don’t Make a Day (1972) (Re-Release)","3/14/2018","Janus Films","Drama","Not Rated","$19,987","2,228"
"434","434","One Sings, the Other Doesn’t (1977) (Re-Release)","6/1/2018","Janus Films","Drama","Not Rated","$19,919","2,220"
"435","435","Active Measures","8/31/2018","Super LTD","Documentary","PG-13","$19,862","2,214"
"436","436","That Summer","5/18/2018","Sundance Selects","Documentary","Not Rated","$19,563","2,180"
"437","437","Who We Are Now","5/25/2018","FilmRise","Drama","Not Rated","$19,128","2,132"
"438","438","Anything","5/11/2018","Paladin","Drama","R","$19,037","2,122"
"439","439","Mrs. Hyde","4/27/2018","Cartilage Films","Drama","Not Rated","$18,627","2,076"
"440","440","Freak Show","1/12/2018","IFC Films","Comedy","Not Rated","$18,216","2,030"
"441","441","Quest","12/1/2017","First Run Features","Documentary","Not Rated","$18,216","2,030"
"442","442","Desolation","1/26/2018","Parade Deck Films","Thriller/Suspense","Not Rated","$16,920","1,886"
"443","443","The Female Brain","2/9/2018","IFC Films","Comedy","Not Rated","$16,273","1,814"
"444","444","Bob le flambeur","1/1/1959","Triumph Releasing","Drama","PG","$15,586","1,737"
"445","445","Thelma","11/10/2017","The Orchard","Drama","Not Rated","$15,380","1,714"
"446","446","The Lucky Man","12/21/2017","Indican Pictures","Action","Not Rated","$15,221","1,696"
"447","447","A Prayer Before Dawn","4/13/2018","A24","Action","R","$14,453","1,611"
"448","448","The Last Movie Star","3/30/2018","A24","Drama","R","$14,410","1,606"
"449","449","Ichi The Killer: Definitive Remastered Edition","11/10/2017","Well Go USA","Horror","Not Rated","$14,299","1,594"
"450","450","The Boy Downstairs","2/16/2018","FilmRise","Romantic Comedy","PG-13","$13,638","1,520"
"451","451","Our Blood is Wine","3/9/2018","Music Box Films","Documentary","Not Rated","$13,348","1,488"
"452","452","Shed Skin Papa","3/23/2018","China Lion Film Distribution","Comedy","Not Rated","$13,331","1,486"
"453","453","Novitiate","10/27/2017","Sony Pictures Classics","Drama","R","$13,296","1,482"
"454","454","Like Me","1/26/2018","Kino Lorber","Drama","Not Rated","$12,965","1,445"
"455","455","Lou Andreas-Salomé, The Audacity to be Free","4/20/2018","Cinema Libre","Drama","Not Rated","$12,875","1,435"
"456","456","American Socialist: The Life & Times of Eugene Victor Debs","3/2/2018","First Run Features","Documentary","Not Rated","$12,610","1,405"
"457","457","My Art","1/12/2018","Film Movement","Comedy","Not Rated","$12,554","1,399"
"458","458","The Most Unknown","5/18/2018","Abramorama Films","Documentary","Not Rated","$12,119","1,351"
"459","459","The Escape","5/11/2018","IFC Films","Drama","Not Rated","$12,074","1,346"
"460","460","Victoria and Abdul","9/22/2017","Focus Features","Drama","PG-13","$11,785","1,313"
"461","461","This Is Our Land","4/18/2018","Distrib Films","Drama","Not Rated","$11,568","1,289"
"462","462","The Wedding Party 2: Destination Dubai","2/14/2018","IronFlix","Comedy","Not Rated","$11,140","1,241"
"463","463","The Samuel Project","9/28/2018","in8 Releasing","Drama","PG-13","$11,087","1,236"
"464","464","Souvenir","3/2/2018","Strand","Drama","Not Rated","$11,078","1,235"
"465","465","Please Stand By","1/26/2018","Magnolia Pictures","Drama","PG-13","$9,868","1,100"
"466","466","Mama Africa","1/19/2018","ArtMattan Productions","Documentary","Not Rated","$9,808","1,093"
"467","467","Quai des Orfevres (Re-Release)","11/1/2002","","Drama","Not Rated","$9,800","1,092"
"468","468","The Quest of Alain Ducasse","6/8/2018","Magnolia Pictures","Documentary","Not Rated","$9,627","1,073"
"469","469","Strangers on the Earth","5/4/2018","First Run Features","Documentary","Not Rated","$9,518","1,061"
"470","470","El Mar La Mar","2/23/2018","Cinema Guild","Documentary","Not Rated","$9,065","1,010"
"471","471","Blood Feast","6/23/2017","Crimson Forest Entertainment Group Inc.","Horror","R","$8,708","970"
"472","472","November","2/23/2018","Oscilloscope Pictures","Drama","Not Rated","$8,620","960"
"473","473","Let Yourself Go","3/2/2018","Menemsha Entertainment","Comedy","Not Rated","$8,128","906"
"474","474","The Crime of Monsieur Lange","11/17/2017","Rialto Pictures","Comedy","Not Rated","$8,127","906"
"475","475","Dark River","6/29/2018","FilmRise","Drama","Not Rated","$7,714","859"
"476","476","Legend of the Mountain (1979) (Re-Release)","2/2/2018","Kino Lorber","Thriller/Suspense","Not Rated","$7,639","851"
"477","477","American Chaos","9/14/2018","Sony Pictures Classics","Documentary","R","$7,616","849"
"478","478","The Lodgers","2/23/2018","Epic Pictures Group","Horror","R","$7,362","820"
"479","479","Beauty and the Dogs","3/23/2018","Oscilloscope Pictures","Drama","Not Rated","$7,263","809"
"480","480","In the Land of Pomegranates","1/5/2018","First Run Features","Documentary","Not Rated","$7,014","781"
"481","481","Duck Butter","4/27/2018","The Orchard","Romantic Comedy","Not Rated","$6,877","766"
"482","482","Ex Libris: The New York Public Library","10/26/2017","Zipporah","Documentary","Not Rated","$6,836","762"
"483","483","On the Beach at Night Alone","11/17/2017","Cinema Guild","Drama","Not Rated","$6,806","758"
"484","484","Spiral","6/22/2018","Cohen Media Group","Documentary","Not Rated","$6,279","700"
"485","485","Bill Nye: Science Guy","10/27/2017","PBS Distribution","Documentary","Not Rated","$5,651","629"
"486","486","Dolores","9/1/2017","PBS Distribution","Documentary","Not Rated","$5,638","628"
"487","487","Chavela","10/4/2017","Music Box Films","Documentary","Not Rated","$5,212","581"
"488","488","Intersection","6/15/2018","Indican Pictures","Drama","Not Rated","$5,116","570"
"489","489","The Texture of Falling","6/1/2018","Self Distributed","Drama","Not Rated","$5,010","558"
"490","490","Edward II","3/20/1992","Fine Line","Drama","R","$4,826","538"
"491","491","The Long Dumb Road","11/9/2018","Universal","Comedy","R","$4,667","520"
"492","492","Kangaroo","1/19/2018","Abramorama Films","Documentary","Not Rated","$4,547","506"
"493","493","Kickboxer: Retaliation","1/26/2018","Well Go USA","Action","R","$4,537","505"
"494","494","Brimstone & Glory","10/27/2017","Oscilloscope Pictures","Documentary","Not Rated","$4,036","449"
"495","495","Porto","11/17/2017","Kino Lorber","Drama","Not Rated","$3,863","430"
"496","496","Song of Granite","11/15/2017","Oscilloscope Pictures","Drama","Not Rated","$3,774","420"
"497","497","Weightless","11/9/2018","Paladin","Drama","R","$3,708","413"
"498","498","Under the Wire","11/16/2018","Abramorama Films","Documentary","R","$3,429","382"
"499","499","The Ghosts of Johnson Woods","12/2/2016","Driving With Our Eyes Shut","Horror","Not Rated","$3,145","350"
"500","500","Aida’s Secrets","10/20/2017","Music Box Films","Documentary","Not Rated","$3,082","343"
"501","501","An L.A. Minute","8/24/2018","Strand","Comedy","R","$2,791","311"
"502","502","Nana","4/13/2018","First Run Features","Documentary","Not Rated","$2,784","310"
"503","503","The Paris Opera","10/18/2017","Film Movement","Documentary","Not Rated","$2,766","308"
"504","504","Straight Into a Storm","6/15/2018","Abramorama Films","Documentary","Not Rated","$2,684","299"
"505","505","12 Days","3/16/2018","Distrib Films","Documentary","Not Rated","$2,633","293"
"506","506","ACORN and the Firestorm","4/6/2018","First Run Features","Documentary","Not Rated","$2,621","292"
"507","507","Shadowman","12/1/2017","Film Movement","Documentary","Not Rated","$2,356","262"
"508","508","The Cage Fighter","2/2/2018","IFC Films","Reality","Not Rated","$2,027","225"
"509","509","Félicité","10/27/2017","Strand","Drama","Not Rated","$2,016","224"
"510","510","West of the Jordan River","1/26/2018","Kino Lorber","Documentary","Not Rated","$1,926","214"
"511","511","The Fencer","7/21/2017","CFI","Drama","Not Rated","$1,794","199"
"512","512","Permanent","12/15/2017","Magnolia Pictures","Comedy","PG-13","$1,650","183"
"513","513","Rat Film","9/15/2017","Cinema Guild","Documentary","Not Rated","$1,627","181"
"514","514","Mama Africa","6/7/2002","","","Not Rated","$1,606","179"
"515","515","El Pacto","10/26/2018","Sony Pictures","Horror","R","$1,453","161"
"516","516","Marrowbone","4/13/2018","Magnet Pictures","Horror","R","$1,377","153"
"517","517","30 Years of Garbage: The Garbage Pail Kids Story","7/28/2017","Indican Pictures","Drama","Not Rated","$935","104"
"518","518","Two Men Went to War","3/26/2004","Indican Pictures","Comedy","PG","$925","103"
"519","519","Bad Lucky Goat","10/13/2017","Film Movement","Drama","Not Rated","$835","93"
"520","520","Billionaire Boys Club","8/17/2018","Vertical Entertainment","Drama","R","$618","68"
"521","521","To Die is Hard","12/17/2010","Driving With Our Eyes Shut","Comedy","Not Rated","$580","64"
"522","522","Higher Power","5/11/2018","Magnet Pictures","Thriller/Suspense","R","$528","58"
"523","523","Mobile Homes","11/16/2018","Uncork'd Entertainment","Drama","Not Rated","$449","50"
"524","524","Midget Zombie Takeover","2/8/2013","Driving With Our Eyes Shut","Comedy","Not Rated","$402","44"
"525","Total Gross of All Movies","Total Gross of All Movies","Total Gross of All Movies","Total Gross of All Movies","Total Gross of All Movies","Total Gross of All Movies","$10,709,357,748",NA
"526","Total Tickets Sold","Total Tickets Sold","Total Tickets Sold","Total Tickets Sold","Total Tickets Sold","Total Tickets Sold","Total Tickets Sold","1,193,908,074"
